survey,item,variable,values,question_text, response_categories,female_var,female_vals,womens_org_var,womens_org_vals
aes1987,union_female2,q68,c(2:1),Are you a member of a trade union?,1 yes / 2 no,q71,c(1:2),,
aes1990,union_female2,"case_match(i8, 0 ~ 0, 1 ~ 1, 2 ~ 1, 3 ~ 0) ",c(2:1),Are you a member of a trade union?,1 yes / 2 no,j1,c(1:2),,
aes1993,union_female2,"case_match(j10, 0 ~ 0, 1 ~ 1, 2 ~ 1, 3 ~ 0) ",c(2:1),Are you a member of a trade union?,1 yes / 2 no,j1,c(1:2),,
aes1996,union_female2,h6,c(2:1),Are you a member of a trade union?,1 yes / 2 no,j1,c(1:2),,
aes1998,union_female2,h6,c(2:1),Are you a member of a trade union?,1 yes / 2 no,i1,c(1:2),,
aes2001,union_female2,h6,c(2:1),Are you a member of a trade union?,1 yes / 2 no,i1,c(1:2),,
aes2001,prof_active_female2,"case_match(i14p3, 1 ~ 1, 2 ~ 2, 3 ~ 2)",c(2:1),Are you an active member of a professional association?,1 yes / 2 no,i1,c(1:2),,
aes2004,union_female2,h7,c(2:1),Are you a member of a trade union?,1 yes / 2 no,i1,c(1:2),,
aes2004,prof_active_female2,"case_match(i15p3, 1 ~ 1, 2 ~ 2, 3 ~ 2)",c(2:1),Are you an active member of a professional association?,1 yes / 2 no,i1,c(1:2),,
aes2007,union_female2,g7,c(2:1),Are you a member of a trade union?,1 yes / 2 no,h1,c(1:2),,
aes2010,union_female2,g6,c(2:1),Are you a member of a trade union?,1 yes / 2 no,h1,c(1:2),,
aes2010,prof_active_female2,"case_match(g7p3, 1 ~ 1, 2 ~ 2, 3 ~ 2)",c(2:1),Are you an active member of a professional association?,1 yes / 2 no,h1,c(1:2),,
aes2013,union_female2,g6,c(2:1),Are you a member of a trade union?,1 yes / 2 no,h1,c(1:2),,
aes2016,union_female2,g6,c(2:1),Are you a member of a trade union?,1 yes / 2 no,h1,c(1:2),,
aes2019,union_female2,g6,c(2:1),Are you a member of a trade union?,1 yes / 2 no,h1,c(1:2),,
allbus,party_work_female2,pp28,c(0:1),[Voluntary work for a political party] What have you already taken part in?,0 not mentioned / 1 mentioned,sex,c(1:2),,
allbus,party_work_female2_2yr,pp46,c(0:1),[Voluntary work for a political party] which of these have you also done or taken part in in the last 2 years?,0 not mentioned / 1 mentioned,sex,c(1:2),,
amb_canada2010,prof_meet_female4,cp9,c(4:1),Do you attend meetings of a professional association?,1 once a week / 2 once or twice a month / 3 Once or twice a year / 4 never,q1,c(1:2),,
amb_canada2010,party_meet_female4,cp13,c(4:1),Do you attend meetings of a political movement or party?,1 once a week / 2 once or twice a month / 3 Once or twice a year / 4 never,q1,c(1:2),,
amb_canada2010,prof_meet_worg_female4,cp9,c(4:1),Do you attend meetings of a professional association?,1 once a week / 2 once or twice a month / 3 Once or twice a year / 4 never,q1,c(1:2),1 - as.numeric(cp20 == 4),"c(0, 1)"
amb_canada2010,party_meet_worg_female4,cp13,c(4:1),Do you attend meetings of a political movement or party?,1 once a week / 2 once or twice a month / 3 Once or twice a year / 4 never,q1,c(1:2),1 - as.numeric(cp20 == 4),"c(0, 1)"
amb_canada2010,prof_meet_female2,"case_match(cp9, c(1:3) ~ 1, 4 ~ 0)",c(0:1),Do you attend meetings of a professional association?,1 yes / 2 no,q1,c(1:2),,
amb_canada2010,party_meet_female2,"case_match(cp13, c(1:3) ~ 1, 4 ~ 0)",c(0:1),Do you attend meetings of a political movement or party?,0 no / 1 yes,q1,c(1:2),,
amb_canada2014,party_meet_female4,cp13,c(4:1),Do you attend meetings of a political movement or party?,1 once a week / 2 once or twice a month / 3 Once or twice a year / 4 never,q1,c(1:2),,
amb_canada2014,party_meet_female2,"case_match(cp13, c(1:3) ~ 1, 4 ~ 0)",c(0:1),Do you attend meetings of a political movement or party?,0 no / 1 yes,q1,c(1:2),,
amb_chile2010,prof_meet_worg_female4,cp9,c(4:1),Do you attend meetings of a professional association?,1 once a week / 2 once or twice a month / 3 Once or twice a year / 4 never,q1,c(1:2),,
amb_chile2010,party_meet_female4,cp13,c(4:1),Do you attend meetings of a political movement or party?,1 once a week / 2 once or twice a month / 3 Once or twice a year / 4 never,q1,c(1:2),,
amb_chile2010,prof_meet_worg_female4,cp9,c(4:1),Do you attend meetings of a professional association?,1 once a week / 2 once or twice a month / 3 Once or twice a year / 4 never,q1,c(1:2),1 - as.numeric(cp20 == 4),"c(0, 1)"
amb_chile2010,party_meet_worg_female4,cp13,c(4:1),Do you attend meetings of a political movement or party?,1 once a week / 2 once or twice a month / 3 Once or twice a year / 4 never,q1,c(1:2),1 - as.numeric(cp20 == 4),"c(0, 1)"
amb_chile2010,prof_meet_female2,"case_match(cp9, c(1:3) ~ 1, 4 ~ 0)",c(0:1),Do you attend meetings of a professional association?,1 yes / 2 no,q1,c(1:2),,
amb_chile2010,party_meet_female2,"case_match(cp13, c(1:3) ~ 1, 4 ~ 0)",c(0:1),Do you attend meetings of a political movement or party?,0 no / 1 yes,q1,c(1:2),,
amb_chile2012,prof_meet_female4,cp9,c(4:1),Do you attend meetings of a professional association?,1 once a week / 2 once or twice a month / 3 Once or twice a year / 4 never,q1,c(1:2),,
amb_chile2012,party_meet_female4,cp13,c(4:1),Do you attend meetings of a political movement or party?,1 once a week / 2 once or twice a month / 3 Once or twice a year / 4 never,q1,c(1:2),,
amb_chile2012,prof_meet_worg_female4,cp9,c(4:1),Do you attend meetings of a professional association?,1 once a week / 2 once or twice a month / 3 Once or twice a year / 4 never,q1,c(1:2),1 - as.numeric(cp20 == 4),"c(0, 1)"
amb_chile2012,party_meet_worg_female4,cp13,c(4:1),Do you attend meetings of a political movement or party?,1 once a week / 2 once or twice a month / 3 Once or twice a year / 4 never,q1,c(1:2),1 - as.numeric(cp20 == 4),"c(0, 1)"
amb_chile2012,prof_meet_female2,"case_match(cp9, c(1:3) ~ 1, 4 ~ 0)",c(0:1),Do you attend meetings of a professional association?,1 yes / 2 no,q1,c(1:2),,
amb_chile2012,party_meet_female2,"case_match(cp13, c(1:3) ~ 1, 4 ~ 0)",c(0:1),Do you attend meetings of a political movement or party?,0 no / 1 yes,q1,c(1:2),,
amb_chile2014,party_meet_female4,cp13,c(4:1),Do you attend meetings of a political movement or party?,1 once a week / 2 once or twice a month / 3 Once or twice a year / 4 never,q1,c(1:2),,
amb_chile2014,party_meet_worg_female4,cp13,c(4:1),Do you attend meetings of a political movement or party?,1 once a week / 2 once or twice a month / 3 Once or twice a year / 4 never,q1,c(1:2),1 - as.numeric(cp20 == 4),"c(0, 1)"
amb_chile2014,party_meet_female2,"case_match(cp13, c(1:3) ~ 1, 4 ~ 0)",c(0:1),Do you attend meetings of a political movement or party?,0 no / 1 yes,q1,c(1:2),,
amb_chile2016,party_meet_female4,cp13,c(4:1),Do you attend meetings of a political movement or party?,1 once a week / 2 once or twice a month / 3 Once or twice a year / 4 never,q1,c(1:2),,
amb_chile2016,party_meet_worg_female4,cp13,c(4:1),Do you attend meetings of a political movement or party?,1 once a week / 2 once or twice a month / 3 Once or twice a year / 4 never,q1,c(1:2),1 - as.numeric(cp20 == 4),"c(0, 1)"
amb_chile2016,party_meet_female2,"case_match(cp13, c(1:3) ~ 1, 4 ~ 0)",c(0:1),Do you attend meetings of a political movement or party?,0 no / 1 yes,q1,c(1:2),,
amb_colombia2009,union_meet_female4,cp10,c(4:1),Do you attend union meetings?,1 once a week / 2 once or twice a month / 3 Once or twice a year / 4 never,q1,c(1:2),,
amb_colombia2009,prof_meet_female4,cp9,c(4:1),Do you attend meetings of a professional association?,1 once a week / 2 once or twice a month / 3 Once or twice a year / 4 never,q1,c(1:2),,
amb_colombia2009,party_meet_female4,cp13,c(4:1),Do you attend meetings of a political movement or party?,1 once a week / 2 once or twice a month / 3 Once or twice a year / 4 never,q1,c(1:2),,
amb_colombia2009,prof_meet_worg_female4,cp9,c(4:1),Do you attend meetings of a professional association?,1 once a week / 2 once or twice a month / 3 Once or twice a year / 4 never,q1,c(1:2),1 - as.numeric(cp20 == 4),"c(0, 1)"
amb_colombia2009,union_meet_worg_female4,cp10,c(4:1),Do you attend union meetings?,1 once a week / 2 once or twice a month / 3 Once or twice a year / 4 never,q1,c(1:2),1 - as.numeric(cp20 == 4),"c(0, 1)"
amb_colombia2009,party_meet_worg_female4,cp13,c(4:1),Do you attend meetings of a political movement or party?,1 once a week / 2 once or twice a month / 3 Once or twice a year / 4 never,q1,c(1:2),1 - as.numeric(cp20 == 4),"c(0, 1)"
amb_colombia2009,prof_meet_female2,"case_match(cp9, c(1:3) ~ 1, 4 ~ 0)",c(0:1),Do you attend meetings of a professional association?,1 yes / 2 no,q1,c(1:2),,
amb_colombia2009,party_meet_female2,"case_match(cp13, c(1:3) ~ 1, 4 ~ 0)",c(0:1),Do you attend meetings of a political movement or party?,0 no / 1 yes,q1,c(1:2),,
amb_colombia2009,union_meet_female2,"case_match(cp10, c(1:3) ~ 1, 4 ~ 0)",c(0:1),Do you attend union meetings?,0 no / 1 yes,q1,c(1:2),,
amb_colombia2011,prof_meet_female4,cp9,c(4:1),Do you attend meetings of a professional association?,1 once a week / 2 once or twice a month / 3 Once or twice a year / 4 never,q1,c(1:2),,
amb_colombia2011,party_meet_female4,cp13,c(4:1),Do you attend meetings of a political movement or party?,1 once a week / 2 once or twice a month / 3 Once or twice a year / 4 never,q1,c(1:2),,
amb_colombia2011,prof_meet_worg_female4,cp9,c(4:1),Do you attend meetings of a professional association?,1 once a week / 2 once or twice a month / 3 Once or twice a year / 4 never,q1,c(1:2),1 - as.numeric(cp20 == 4),"c(0, 1)"
amb_colombia2011,party_meet_worg_female4,cp13,c(4:1),Do you attend meetings of a political movement or party?,1 once a week / 2 once or twice a month / 3 Once or twice a year / 4 never,q1,c(1:2),1 - as.numeric(cp20 == 4),"c(0, 1)"
amb_colombia2011,prof_meet_female2,"case_match(cp9, c(1:3) ~ 1, 4 ~ 0)",c(0:1),Do you attend meetings of a professional association?,1 yes / 2 no,q1,c(1:2),,
amb_colombia2011,party_meet_female2,"case_match(cp13, c(1:3) ~ 1, 4 ~ 0)",c(0:1),Do you attend meetings of a political movement or party?,0 no / 1 yes,q1,c(1:2),,
amb_colombia2016,party_meet_female4,cp13,c(4:1),Do you attend meetings of a political movement or party?,1 once a week / 2 once or twice a month / 3 Once or twice a year / 4 never,q1,c(1:2),,
amb_colombia2016,party_meet_worg_female4,cp13,c(4:1),Do you attend meetings of a political movement or party?,1 once a week / 2 once or twice a month / 3 Once or twice a year / 4 never,q1,c(1:2),1 - as.numeric(cp20 == 4),"c(0, 1)"
amb_colombia2016,party_meet_female2,"case_match(cp13, c(1:3) ~ 1, 4 ~ 0)",c(0:1),Do you attend meetings of a political movement or party?,0 no / 1 yes,q1,c(1:2),,
amb_combo,union_meet_female4,cp10,c(4:1),Do you attend union meetings?,1 once a week / 2 once or twice a month / 3 Once or twice a year / 4 never,q1,c(1:2),,
amb_combo,prof_meet_female4,cp9,c(4:1),Do you attend meetings of a professional association?,1 once a week / 2 once or twice a month / 3 Once or twice a year / 4 never,q1,c(1:2),,
amb_combo,party_meet_female4,cp13,c(4:1),Do you attend meetings of a political movement or party?,1 once a week / 2 once or twice a month / 3 Once or twice a year / 4 never,q1,c(1:2),,
amb_combo,prof_meet_worg_female4,cp9,c(4:1),Do you attend meetings of a professional association?,1 once a week / 2 once or twice a month / 3 Once or twice a year / 4 never,q1,c(1:2),1 - as.numeric(cp20 == 4),"c(0, 1)"
amb_combo,union_meet_worg_female4,cp10,c(4:1),Do you attend union meetings?,1 once a week / 2 once or twice a month / 3 Once or twice a year / 4 never,q1,c(1:2),1 - as.numeric(cp20 == 4),"c(0, 1)"
amb_combo,party_meet_worg_female4,cp13,c(4:1),Do you attend meetings of a political movement or party?,1 once a week / 2 once or twice a month / 3 Once or twice a year / 4 never,q1,c(1:2),1 - as.numeric(cp20 == 4),"c(0, 1)"
amb_combo,prof_meet_female2,"case_match(cp9, c(1:3) ~ 1, 4 ~ 0)",c(0:1),Do you attend meetings of a professional association?,1 yes / 2 no,q1,c(1:2),,
amb_combo,party_meet_female2,"case_match(cp13, c(1:3) ~ 1, 4 ~ 0)",c(0:1),Do you attend meetings of a political movement or party?,0 no / 1 yes,q1,c(1:2),,
amb_combo,union_meet_female2,"case_match(cp10, c(1:3) ~ 1, 4 ~ 0)",c(0:1),Do you attend union meetings?,0 no / 1 yes,q1,c(1:2),,
amb_costarica2016,party_meet_female4,cp13,c(4:1),Do you attend meetings of a political movement or party?,1 once a week / 2 once or twice a month / 3 Once or twice a year / 4 never,q1,c(1:2),,
amb_costarica2016,party_meet_worg_female4,cp13,c(4:1),Do you attend meetings of a political movement or party?,1 once a week / 2 once or twice a month / 3 Once or twice a year / 4 never,q1,c(1:2),1 - as.numeric(cp20 == 4),"c(0, 1)"
amb_costarica2016,party_meet_female2,"case_match(cp13, c(1:3) ~ 1, 4 ~ 0)",c(0:1),Do you attend meetings of a political movement or party?,0 no / 1 yes,q1,c(1:2),,
asianb1,party_work_female2,q031,c(2:1),Did you do anything else to help out or work for a party or candidate running in the election?,1 yes / 2 no,se002,c(1:2),,
asianb2,party_work_female2,q42,c(1:2),Did you do anything else to help out or work for a party or candidate running in the election?,1 no / 2 yes,se2,c(1:2),,
asianb3,party_work_female2,q36,c(2:1),Did you do anything else to help out or work for a party or candidate running in the election?,1 yes / 2 no,se2,c(1:2),,
asianb4,party_work_female2,q37,c(2:1),Did you do anything else to help out or work for a party or candidate running in the election?,1 yes / 2 no,se2,c(1:2),,
asianb5_australia,party_work_female2,q37,c(2:1),Did you do anything else to help out or work for a party or candidate running in the election?,1 yes / 2 no,se2,c(1:2),,
asianb5_japan,party_work_female2,q37,c(2:1),Did you do anything else to help out or work for a party or candidate running in the election?,1 yes / 2 no,se2,c(1:2),,
asianb5_korea,party_work_female2,q37,c(2:1),Did you do anything else to help out or work for a party or candidate running in the election?,1 yes / 2 no,se2,c(1:2),,
canadianes2015,union_female2,p_union,"c(5, 1)",Do you belong to a union?,1 yes / 5 no,sex_r,"c(1, 5)",,
canadianes2015,party_female2,p_pt_ptymember,"c(5, 1)",Have you ever been a member of a federal political party?,1 yes / 5 no,sex_r,"c(1, 5)",,
canadianes2019,union_female2,cps19_union,c(2:1),Do you belong to a union? ,1 yes / 2 no,cps19_gender,c(1:2),,
canadianes2019,prof_active_female2,"case_when(pes19_volassoc_3 == 1 ~ 1, TRUE ~ 0)",c(0:1),[Professional association] Please indicate whether you have been active in any of the following voluntary associations ,0 no / 1 yes,cps19_gender,c(1:2),,
canadianes2019,union_active_female2,"case_when(pes19_volassoc_6 == 1 ~ 1, TRUE ~ 0)",c(0:1),[Labour union] Please indicate whether you have been active in any of the following voluntary associations ,0 no / 1 yes,cps19_gender,c(1:2),,
canadianes2019,party_work_female4_yr,pes19_partic2_2 ,c(1:4),[Volunteered for a political party or candidate] Here are some things people can do to participate in politics. Please indicate how many times you've done these things over the past 12 months.,1 never / 2 just once / 3 a few times / 4 more than five times,cps19_gender,c(1:2),,
canadianes2021,union_female2,cps21_union,c(2:1),Do you belong to a union? ,1 yes / 2 no,cps21_genderid,c(1:2),,
canadianes2021,party_work_female4_yr,pes21_partic2_2 ,c(1:4),[Volunteered for a political party or candidate] Here are some things people can do to participate in politics. Please indicate how many times you've done these things over the past 12 months.,1 never / 2 just once / 3 a few times / 4 more than five times,cps21_genderid,c(1:2),,
cdcee,party_work_female4,v11,c(4:1),How frequently do you work or have worked for a political party or candidate?,1 often / 2 sometimes / 3 seldom / 4 never,v578,c(1:2),,
cdcee,union_female2,v148,c(2:1),[Trade union] Are you a member of any organization that appears on this list?,1 yes / 2 no,v578,c(1:2),,
cdcee,prof_female2,v146,c(2:1),[Professional association] Are you a member of any organization that appears on this list?,1 yes / 2 no,v578,c(1:2),,
cdcee,party_female2,v125,c(2:1),[Political party] Are you a member of any organization that appears on this list?,1 yes / 2 no,v578,c(1:2),,
cdcee,party_work_female2,"case_match(v11, c(1:3) ~ 1, 4 ~ 0)",c(0:1),How frequently do you work or have worked for a political party or candidate?,1 often / 2 sometimes / 3 seldom / 4 never,v578,c(1:2),,
cnes1984,union_female2,var378,c(2:1),Do you belong to a trade or labour union?,1 yes / 2 no,var456,c(1:2),,
cnes1984,union_meet_female2_yr,"case_match(var380, 1 ~ 0, 2 ~ 1, 3 ~ 1, 4 ~ 1, 5 ~ 1, 6 ~ 1, 9 ~ 0)",c(0:1),How many times in the past year have you attended a union meeting?      ,1 once a week / 2 once or twice a month / 3 Once or twice a year / 4 never,var456,c(1:2),,
cnes1984,union_meet_female4_yr,"case_match(var380, 1 ~ 4, 2 ~ 3, 3 ~ 3, 4 ~ 2, 5 ~ 2, 6 ~ 1, 9 ~ 4)",c(4:1),How many times in the past year have you attended a union meeting?      ,1 once a week / 2 once or twice a month / 3 Once or twice a year / 4 never,var456,c(1:2),,
cnes1984,party_work_female4,var044,c(4:1),How often do you spend time working for a political party?,1 often / 2 sometimes / 3 seldom / 4 never,var456,c(1:2),,
cnes1984,party_work_female2,"case_match(var044, c(1:3) ~ 1, 4 ~ 0)",c(0:1),Do you work  for a political party or candidate?,1 often / 2 sometimes / 3 seldom / 4 never,var456,c(1:2),,
cnes1988,union_female2,n9,"c(5, 1)",Do you belong to a labour union?,1 yes / 5 no,rsex,"c(1, 5)",,
cnes1988,party_female2,xj7a,"c(5, 1)",Are you a member of a federal political party?,1 yes / 5 no,rsex,"c(1, 5)",,
dkes1994,unionpro_female2,"case_when(v403 == 1 ~ 1, v403 > 1 ~ 0,  is.na(v403) ~ 0)",c(0:1),Are you a member of a trade union or professional association?,0 no / 1 yes,v440,c(1:2),,
dkes1998,party_female2,"case_match(v63, 1 ~ 1, 2 ~ 0, 3 ~ 0)",c(0:1),Are you [or have you earlier been] a member of a political party?,0 no / 1 yes,v278,c(1:2),,
dkes1998,unionpro_female2,"case_when(v298 == 1 ~ 1, v298 == 2 ~ 1, v298 > 2 ~ 0,  is.na(v298) ~ 0)",c(0:1),Are you a member of a trade union or professional association?,0 no / 1 yes,v278,c(1:2),,
dkes2001,party_female2,"case_match(v53, 1 ~ 1, 2 ~ 0, 3 ~ 0)",c(0:1),Are you [or have you earlier been] a member of a political party?,0 no / 1 yes,v270,c(1:2),,
dkes2001,unionpro_female2,"case_when(v285 == 1 ~ 1, v285 == 2 ~ 1, v285 > 2 ~ 0,  is.na(v285) ~ 0)",c(0:1),Are you a member of a trade union or professional association?,0 no / 1 yes,v270,c(1:2),,
dkes2005,party_female2,"case_match(v121, 1 ~ 1, 2 ~ 0, 3 ~ 0)",c(0:1),Are you [or have you earlier been] a member of a political party?,0 no / 1 yes,v312,c(1:2),,
dkes2005,unionpro_female2,"case_when(v340 == 1 ~ 1, v340 == 2 ~ 1, v340 > 2 ~ 0,  is.na(v340) ~ 0)",c(0:1),Are you a member of a trade union or professional association?,0 no / 1 yes,v312,c(1:2),,
dkes2007,party_female2,"case_match(v121, 1 ~ 1, 2 ~ 0, 3 ~ 0)",c(0:1),Are you [or have you earlier been] a member of a political party?,0 no / 1 yes,v379,c(1:2),,
dkes2007,unionpro_female2,"case_when(v444 == 19 ~ 0, is.na(v444) ~ 0, TRUE ~ 1)",c(0:1),Are you a member of a trade union or professional association?,0 no / 1 yes,v379,c(1:2),,
dkes2011,party_female2,"case_match(v88, 1 ~ 1, 2 ~ 0, 3 ~ 0)",c(0:1),Are you [or have you earlier been] a member of a political party?,0 no / 1 yes,v5,"c(1, 5)",,
dkes2011,unionpro_female2,"ifelse(is.na(v330), 5, v330)","c(5, 1)",Are you a member of a trade union or professional association?,1 yes / 5 no,v5,"c(1, 5)",,
eb04,unionpro_female2,"case_when(v128 == 1 ~ 1, TRUE ~ 0)",c(0:1),"[Trade union, friendly society] Do you pay a subscription to one or more associations of any kind?",0 no / 1 yes,v147,c(1:2),,
eb04,party_female2,"case_when(v129 == 1 ~ 1, TRUE ~ 0)",c(0:1),[Political organization] Do you pay a subscription to one or more associations of any kind?,0 no / 1 yes,v147,c(1:2),,
eb04,unionpro_active_female2,"case_when(v128 == 1 & v137 == 2 ~ 1, TRUE ~ 0)",c(0:1),"[Trade union, friendly society] Are you ordinary subscribers or active members?",0 ordinary subscriber / 1 active member,v147,c(1:2),,
eb04,party_active_female2,"case_when(v129 == 1 & v137 == 2 ~ 1, TRUE ~ 0)",c(0:1),[Political organization] Are you ordinary subscribers or active members?,0 ordinary subscriber / 1 active member,v147,c(1:2),,
eb04,party_involved_female4,v138,c(4:1),"Do you feel affinities with any particular political party? Do you feel yourself very involved with this party, fairly involved, or merely a sympathizer?",1 very involved / 2 fairly involved / 3 merely a sympathizer / 4 no affinities,v147,c(1:2),,
eb06,union_female2,"case_match(v160, 1 ~ 0, 2 ~ 0, 3 ~ 1, .default = v160)",c(0:1),Are you currently a member of a trade union?,0 no / 1 yes,v169,c(1:2),,
eb08,party_female2,"case_when(v94 == 1 ~ 1, TRUE ~ 0)",c(0:1),"[Political society] Are you, yourself, subscribed to (a paying member of) any clubs or societies of any kind?",0 no / 1 yes,v127,c(1:2),,
eb08,union_female2,"case_when(v93 == 1 ~ 1, TRUE ~ 0)",c(0:1),"[Trade union] Are you, yourself, subscribed to (a paying member of) any clubs or societies of any kind?",0 no / 1 yes,v127,c(1:2),,
eb08,party_worg_female2,"case_when(v94 == 1 ~ 1, TRUE ~ 0)",c(0:1),"[Political society] Are you, yourself, subscribed to (a paying member of) any clubs or societies of any kind?",0 no / 1 yes,v127,c(1:2),"case_match(v98, 1 ~ 1, TRUE ~ 0)",0 no / 1 yes
eb08,union_worg_female2,"case_when(v93 == 1 & v98 == 1 ~ 1, TRUE ~ 0)",c(0:1),"[Trade union] Are you, yourself, subscribed to (a paying member of) any clubs or societies of any kind?",0 no / 1 yes,v127,c(1:2),"case_match(v98, 1 ~ 1, TRUE ~ 0)",0 no / 1 yes
eb08,party_active_female2,"case_when(v106 == 1 ~ 1, TRUE ~ 0)",c(0:1),"[Political society] Are you, yourself, subscribed to (a paying member of) any clubs or societies of any kind? Are you an active member?",0 no / 1 yes,v127,c(1:2),,
eb08,union_active_female2,"case_when(v105 == 1 ~ 1, TRUE ~ 0)",c(0:1),"[Trade union] Are you, yourself, subscribed to (a paying member of) any clubs or societies of any kind? Are you an active or passive member?",0 no / 1 yes,v127,c(1:2),,
eb19,unionpro_female2,v20,c(0:1),"[Trade unions or professional associations] Which, if any, of the following groups do you belong to?",0 not mentioned / 1 mentioned,v255,c(1:2),,
eb19,party_female2,v21,c(0:1),"[Political parties or groups] Which, if any, of the following groups do you belong to?",0 not mentioned / 1 mentioned,v255,c(1:2),,
eb19,unionpro_work_female2,v32,c(0:1),[Trade unions or professional associations] Do you currently do any unpaid voluntary work for any of these groups:,0 not mentioned / 1 mentioned,v255,c(1:2),,
eb19,party_worg_female2,v21,c(0:1),"[Political parties or groups] Which, if any, of the following groups do you belong to?",0 not mentioned / 1 mentioned,v255,c(1:2),v26,c(0:1)
eb19,unionpro_work_worg_female2,v32,c(0:1),[Trade unions or professional associations] Do you currently do any unpaid voluntary work for any of these groups:,0 not mentioned / 1 mentioned,v255,c(1:2),v26,c(0:1)
eb19,party_work_female2,v33,c(0:1),[Political parties or groups] Do you currently do any unpaid voluntary work for any of these groups:,0 not mentioned / 1 mentioned,v255,c(1:2),,
eb23,union_female2a,"case_match(v143, 1 ~ 1, 2 ~ 1, 3 ~ 0, 4 ~0)",c(0:1),"As far as trade unions are concerned, are you a member?",0 no / 1 yes,v151,c(1:2),,
eb23,union_meet_female2,"case_match(v143, 1 ~ 1, 2 ~ 0, 3 ~ 0, 4 ~0)",c(0:1),"As far as trade unions are concerned, are you a a trade union member who takes some part in union affairs, for instance, going to trade union meetings?",0 no / 1 yes,v151,c(1:2),,
eb281,unionpro_female2,v61,c(0:1),"[Trade unions or professional associations] Which, if any, of the following groups or associations do you belong to?",0 not mentioned / 1 mentioned,v415,c(1:2),,
eb281,union_female2,v301,c(2:1),Are you yourself a member of a trade union?,1 yes / 2 no,v415,c(1:2),,
eb30,union_female2,v704,c(0:1),Are you yourself a member of a trade union?,0 no / 1 yes,v689,c(1:2),,
eb34,unionpro_female2,v60,c(0:1),"[Trade unions or professional associations] Which, if any, of the following groups or associations do you belong to?",0 not mentioned / 1 mentioned,v296,c(1:2),,
eb34,party_female2,v61,c(0:1),"[Political party] Which, if any, of the following groups or associations do you belong to?",0 not mentioned / 1 mentioned,v470,c(1:2),,
eb34,union_female2,v290,c(2:1),Are you yourself a member of a trade union?,1 yes / 2 no,v296,c(1:2),,
eb35,union_female2,v242,c(0:1),Are you yourself a member of a trade union?,0 no / 1 yes,v249,c(1:2),,
eb37,union_female2,v608,c(2:1),Are you yourself a member of a trade union?,1 yes / 2 no,v615,c(1:2),,
eb391,union_female2,v457,c(2:1),Are you yourself a member of a trade union?,1 yes / 2 no,v466,c(1:2),,
eb41,union_female2,v424,c(2:1),Are you yourself a member of a trade union?,1 yes / 2 no,v430,c(1:2),,
eb411,union_female2,v320,c(2:1),Are you yourself a member of a trade union?,1 yes / 2 no,v325,c(1:2),,
eb443,union_female2,v508,c(2:1),Are you yourself a member of a trade union?,1 yes / 2 no,v512,c(1:2),,
eb561,union_female2,"ifelse(is.na(v183), 2, v183)",c(2:1),"[I am a member of a trade union] For each of the following statements, please tell me if it applies to you, or not?",1 yes / 2 no,v431,c(1:2),,
eb622,party_female2,v287,c(0:1),"[Political party] Now, I would like you to look carefully at the following list of organisations and activities. Please, say in which, if any, you are a member. ",0 not mentioned / 1 mentioned,v470,c(1:2),,
eb622,prof_female2,v279,c(0:1),"[Professional organisation] Now, I would like you to look carefully at the following list of organisations and activities. Please, say in which, if any, you are a member.",0 not mentioned / 1 mentioned,v470,c(1:2),,
eb622,unionpro_female2a,"case_when(v279 == 1 | v278 == 1 ~ 1, v279 == 0 & v278 == 0 ~ 0)",c(0:1),"[Professional organisation or trade union] Now, I would like you to look carefully at the following list of organisations and activities. Please, say in which, if any, you are a member.",0 not mentioned / 1 mentioned,v470,c(1:2),,
eb622,union_female2,v278,c(0:1),"[Trade union] Now, I would like you to look carefully at the following list of organisations and activities. Please, say in which, if any, you are a member.",0 not mentioned / 1 mentioned,v470,c(1:2),,
eb622,party_actwork_female2,v319,c(0:1),[Political party] Do you currently participate actively in or do voluntary work for one or more of the following organisations? ,0 not mentioned / 1 mentioned,v470,c(1:2),,
eb622,prof_actwork_female2,v311,c(0:1),[Professional organisation] Do you currently participate actively in or do voluntary work for one or more of the following organisations? ,0 not mentioned / 1 mentioned,v470,c(1:2),,
eb622,union_active_female2,v310,c(0:1),[Trade union] Do you currently participate actively in or do voluntary work for one or more of the following organisations? ,0 not mentioned / 1 mentioned,v470,c(1:2),,
eb663,party_actwork_female2,v171,c(0:1),[Political party] Do you currently participate actively in or do voluntary work for one or more of the following organisations? ,0 not mentioned / 1 mentioned,v2012,c(1:2),,
eb663,prof_actwork_female2,v172,c(0:1),[Professional organisation] Do you currently participate actively in or do voluntary work for one or more of the following organisations? ,0 not mentioned / 1 mentioned,v2012,c(1:2),,
eb663,union_active_female2,v180,c(0:1),[Trade union] Do you currently participate actively in or do voluntary work for one or more of the following organisations? ,0 not mentioned / 1 mentioned,v2012,c(1:2),,
eb734,party_actwork_female2,v525,c(0:1),[Political party] Do you currently participate actively in or do voluntary work for one or more of the following organisations? ,0 not mentioned / 1 mentioned,v555,c(1:2),,
eb734,prof_actwork_female2,v517,c(0:1),[Professional organisation] Do you currently participate actively in or do voluntary work for one or more of the following organisations? ,0 not mentioned / 1 mentioned,v555,c(1:2),,
eb734,union_active_female2,v516,c(0:1),[Trade union] Do you currently participate actively in or do voluntary work for one or more of the following organisations? ,0 not mentioned / 1 mentioned,v555,c(1:2),,
eb743,party_actwork_female2,v525,c(0:1),[Political party] Do you currently participate actively in or do voluntary work for one or more of the following organisations? ,0 not mentioned / 1 mentioned,v555,c(1:2),,
eb743,prof_actwork_female2,v517,c(0:1),[Professional organisation] Do you currently participate actively in or do voluntary work for one or more of the following organisations? ,0 not mentioned / 1 mentioned,v555,c(1:2),,
eb743,union_active_female2,v516,c(0:1),[Trade union] Do you currently participate actively in or do voluntary work for one or more of the following organisations? ,0 not mentioned / 1 mentioned,v555,c(1:2),,
eb762,party_actwork_female2,qb25_12,c(0:1),[Political party] Do you currently participate actively in or do voluntary work for one or more of the following organisations? ,0 not mentioned / 1 mentioned,d10,c(1:2),,
eb762,prof_actwork_female2,qb25_4,c(0:1),[Professional organisation] Do you currently participate actively in or do voluntary work for one or more of the following organisations? ,0 not mentioned / 1 mentioned,d10,c(1:2),,
eb762,union_active_female2,qb25_3,c(0:1),[Trade union] Do you currently participate actively in or do voluntary work for one or more of the following organisations? ,0 not mentioned / 1 mentioned,d10,c(1:2),,
ees1989,union_female2s,"case_match(var278, 1 ~ 1, 2 ~ 0, 3 ~ 1, 4 ~ 0)",c(0:1),Are you yourself a member of a trade union?,0 no / 1 yes,var283,c(1:2),,
ees1994,union_female2,v109,c(2:1),Are you yourself a member of a trade union?,1 yes / 2 no,v346,c(1:2),,
ees1999,union_female2s,"case_match(var162, 1 ~ 1, 2 ~ 0, 3 ~ 1, 4 ~ 0)",c(0:1),Are you yourself a member of a trade union?,0 no / 1 yes,var159,c(0:1),,
ees2004,union_female2s,"case_match(v215, 1 ~ 1, 2 ~ 0, 3 ~ 1, 4 ~ 0)",c(0:1),Are you yourself a member of a trade union?,0 no / 1 yes,v217,c(1:2),,
ees2009,union_female2s,"case_match(q99, 1 ~ 1, 2 ~ 0, 3 ~ 1, 4 ~ 0)",c(0:1),Are you yourself a member of a trade union?,0 no / 1 yes,q102,c(1:2),,
ees2014,union_female2s,"case_match(d76, 1 ~ 1, 2 ~ 0, 3 ~ 1, 4 ~ 0)",c(0:1),Are you yourself a member of a trade union?,0 no / 1 yes,d10,c(1:2),,
ees2019,union_female2s,"case_match(d1, 1 ~ 1, 2 ~ 0, 3 ~ 1, 4 ~ 0)",c(0:1),Are you yourself a member of a trade union?,0 no / 1 yes,d3,c(1:2),,
eqls_combo,union_party_work_female4,y16_q29d,c(4:1),"Volunteering: political parties, trade unions",1 every week / 2 every month / 3 less often/occasionally / 4 not at all,y16_hh2a,c(1:2),,
eqls_combo,union_party_meet_female2,y16_q30a,c(2:1),"Attended a meeting of a trade union, a political party or political action group",1 yes / 2 no,y16_hh2a,c(1:2),,
ess1,union_female2b,"case_match(mbtru, 1 ~ 1, 2 ~ 0, 3 ~ 0)",c(0:1),Are you a member of a union?,0 no / 1 yes,gndr,c(1:2),,
ess1,union_active_female2_yr,truptp,c(0:1),"Over the last 12 months, have you participated in the activities of a trade union?",0 no / 1 yes,gndr,c(1:2),,
ess1,party_female2,mmbprty,c(2:1),Are you a member of a union?,0 no / 1 yes,gndr,c(1:2),,
ess1,party_work_female2_yr,wrkprty,c(2:1),"Over the last 12 months, have you worked in a political party or action group?",0 no / 1 yes,gndr,c(1:2),,
ess10,union_female2b,"case_match(mbtru, 1 ~ 1, 2 ~ 0, 3 ~ 0)",c(0:1),Are you a member of a union?,0 no / 1 yes,gndr,c(1:2),,
ess2,union_female2b,"case_match(mbtru, 1 ~ 1, 2 ~ 0, 3 ~ 0)",c(0:1),Are you a member of a union?,0 no / 1 yes,gndr,c(1:2),,
ess2,party_female2,mmbprty,c(2:1),Are you a member of a union?,0 no / 1 yes,gndr,c(1:2),,
ess2,party_work_female2_yr,wrkprty,c(2:1),"Over the last 12 months, have you worked in a political party or action group?",0 no / 1 yes,gndr,c(1:2),,
ess2_it,union_female2b,"case_match(mbtru, 1 ~ 1, 2 ~ 0, 3 ~ 0)",c(0:1),Are you a member of a union?,0 no / 1 yes,gndr,c(1:2),,
ess2_it,party_female2,mmbprty,c(2:1),Are you a member of a union?,0 no / 1 yes,gndr,c(1:2),,
ess2_it,party_work_female2_yr,wrkprty,c(2:1),"Over the last 12 months, have you worked in a political party or action group?",0 no / 1 yes,gndr,c(1:2),,
ess3,union_female2b,"case_match(mbtru, 1 ~ 1, 2 ~ 0, 3 ~ 0)",c(0:1),Are you a member of a union?,0 no / 1 yes,gndr,c(1:2),,
ess3,party_female2,mmbprty,c(2:1),Are you a member of a union?,0 no / 1 yes,gndr,c(1:2),,
ess3,party_work_female2_yr,wrkprty,c(2:1),"Over the last 12 months, have you worked in a political party or action group?",0 no / 1 yes,gndr,c(1:2),,
ess3_lv,union_female2b,"case_match(mbtru, 1 ~ 1, 2 ~ 0, 3 ~ 0)",c(0:1),Are you a member of a union?,0 no / 1 yes,gndr,c(1:2),,
ess3_lv,party_female2,mmbprty,c(2:1),Are you a member of a union?,0 no / 1 yes,gndr,c(1:2),,
ess3_lv,party_work_female2_yr,wrkprty,c(2:1),"Over the last 12 months, have you worked in a political party or action group?",0 no / 1 yes,gndr,c(1:2),,
ess3_ro,union_female2b,"case_match(mbtru, 1 ~ 1, 2 ~ 0, 3 ~ 0)",c(0:1),Are you a member of a union?,0 no / 1 yes,gndr,c(1:2),,
ess3_ro,party_female2,mmbprty,c(2:1),Are you a member of a union?,0 no / 1 yes,gndr,c(1:2),,
ess3_ro,party_work_female2_yr,wrkprty,c(2:1),"Over the last 12 months, have you worked in a political party or action group?",0 no / 1 yes,gndr,c(1:2),,
ess4,union_female2b,"case_match(mbtru, 1 ~ 1, 2 ~ 0, 3 ~ 0)",c(0:1),Are you a member of a union?,0 no / 1 yes,gndr,c(1:2),,
ess4,party_female2,mmbprty,c(2:1),Are you a member of a union?,0 no / 1 yes,gndr,c(1:2),,
ess4,party_work_female2_yr,wrkprty,c(2:1),"Over the last 12 months, have you worked in a political party or action group?",0 no / 1 yes,gndr,c(1:2),,
ess4_at,union_female2b,"case_match(mbtru, 1 ~ 1, 2 ~ 0, 3 ~ 0)",c(0:1),Are you a member of a union?,0 no / 1 yes,gndr,c(1:2),,
ess4_at,party_female2,mmbprty,c(2:1),Are you a member of a union?,0 no / 1 yes,gndr,c(1:2),,
ess4_at,party_work_female2_yr,wrkprty,c(2:1),"Over the last 12 months, have you worked in a political party or action group?",0 no / 1 yes,gndr,c(1:2),,
ess4_lt,union_female2b,"case_match(mbtru, 1 ~ 1, 2 ~ 0, 3 ~ 0)",c(0:1),Are you a member of a union?,0 no / 1 yes,gndr,c(1:2),,
ess4_lt,party_female2,mmbprty,c(2:1),Are you a member of a union?,0 no / 1 yes,gndr,c(1:2),,
ess4_lt,party_work_female2_yr,wrkprty,c(2:1),"Over the last 12 months, have you worked in a political party or action group?",0 no / 1 yes,gndr,c(1:2),,
ess5,union_female2b,"case_match(mbtru, 1 ~ 1, 2 ~ 0, 3 ~ 0)",c(0:1),Are you a member of a union?,0 no / 1 yes,gndr,c(1:2),,
ess5,party_female2,mmbprty,c(2:1),Are you a member of a union?,0 no / 1 yes,gndr,c(1:2),,
ess5,party_work_female2_yr,wrkprty,c(2:1),"Over the last 12 months, have you worked in a political party or action group?",0 no / 1 yes,gndr,c(1:2),,
ess5_at,union_female2b,"case_match(mbtru, 1 ~ 1, 2 ~ 0, 3 ~ 0)",c(0:1),Are you a member of a union?,0 no / 1 yes,gndr,c(1:2),,
ess5_at,party_female2,mmbprty,c(2:1),Are you a member of a union?,0 no / 1 yes,gndr,c(1:2),,
ess5_at,party_work_female2_yr,wrkprty,c(2:1),"Over the last 12 months, have you worked in a political party or action group?",0 no / 1 yes,gndr,c(1:2),,
ess6,union_female2b,"case_match(mbtru, 1 ~ 1, 2 ~ 0, 3 ~ 0)",c(0:1),Are you a member of a union?,0 no / 1 yes,gndr,c(1:2),,
ess6,party_work_female2_yr,wrkprty,c(2:1),"Over the last 12 months, have you worked in a political party or action group?",0 no / 1 yes,gndr,c(1:2),,
ess7,union_female2b,"case_match(mbtru, 1 ~ 1, 2 ~ 0, 3 ~ 0)",c(0:1),Are you a member of a union?,0 no / 1 yes,gndr,c(1:2),,
ess7,party_work_female2_yr,wrkprty,c(2:1),"Over the last 12 months, have you worked in a political party or action group?",0 no / 1 yes,gndr,c(1:2),,
ess8,union_female2b,"case_match(mbtru, 1 ~ 1, 2 ~ 0, 3 ~ 0)",c(0:1),Are you a member of a union?,0 no / 1 yes,gndr,c(1:2),,
ess8,party_work_female2_yr,wrkprty,c(2:1),"Over the last 12 months, have you worked in a political party or action group?",0 no / 1 yes,gndr,c(1:2),,
ess9,union_female2b,"case_match(mbtru, 1 ~ 1, 2 ~ 0, 3 ~ 0)",c(0:1),Are you a member of a union?,0 no / 1 yes,gndr,c(1:2),,
ess9,party_work_female2_yr,wrkprty,c(2:1),"Over the last 12 months, have you worked in a political party or action group?",0 no / 1 yes,gndr,c(1:2),,
ess9_ro,union_female2b,"case_match(mbtru, 1 ~ 1, 2 ~ 0, 3 ~ 0)",c(0:1),Are you a member of a union?,0 no / 1 yes,gndr,c(1:2),,
ess9_ro,party_work_female2_yr,wrkprty,c(2:1),"Over the last 12 months, have you worked in a political party or action group?",0 no / 1 yes,gndr,c(1:2),,
evs_combo,party_female2,"case_when(is.na(a068) ~ 0, TRUE ~ a068)",c(0:1),"[Political parties] Please look carefully at the following list of voluntary organisations and activities and say...which, if any, do you belong to?",0 not mentioned / 1 belong,x001,c(1:2),,
evs_combo,prof_female2,"case_when(is.na(a072) ~ 0, TRUE ~ a072)",c(0:1),"[Professional associations] Please look carefully at the following list of voluntary organisations and activities and say...which, if any, do you belong to?",0 not mentioned / 1 belong,x001,c(1:2),,
evs_combo,unionpro_female2a,"case_when(a072 == 1 | a067 == 1 ~ 1, a072 == 0 & a067 == 0 ~ 0)",c(0:1),"[Professional associations or labour unions] Please look carefully at the following list of voluntary organisations and activities and say...which, if any, do you belong to?",0 not mentioned / 1 belong,x001,c(1:2),,
evs_combo,union_female2,a067,c(0:1),"[Labour unions] Please look carefully at the following list of voluntary organisations and activities and say...which, if any, do you belong to?",0 not mentioned / 1 belong,x001,c(1:2),,
evs_combo,party_worg_female2,a068,c(0:1),"[Political parties] Please look carefully at the following list of voluntary organisations and activities and say...which, if any, do you belong to?",0 not mentioned / 1 belong,x001,c(1:2),a075,"c(0, 1)"
evs_combo,prof_worg_female2,a072,c(0:1),"[Professional associations] Please look carefully at the following list of voluntary organisations and activities and say...which, if any, do you belong to?",0 not mentioned / 1 belong,x001,c(1:2),a075,"c(0, 1)"
evs_combo,union_worg_female2,a067,c(0:1),"[Labour unions] Please look carefully at the following list of voluntary organisations and activities and say...which, if any, do you belong to?",0 not mentioned / 1 belong,x001,c(1:2),a075,"c(0, 1)"
evs_combo,party_actwork_female2,a085,c(0:1),[Political party] Do you currently participate actively in or do voluntary work for one or more of the following organisations? ,0 not mentioned / 1 mentioned,x001,c(1:2),,
evs_combo,prof_actwork_female2,a089,c(0:1),[Professional association] Do you currently participate actively in or do voluntary work for one or more of the following organisations? ,0 not mentioned / 1 mentioned,x001,c(1:2),,
evs_combo,union_actwork_female2,a084,c(0:1),[Trade union] Do you currently participate actively in or do voluntary work for one or more of the following organisations? ,0 not mentioned / 1 mentioned,x001,c(1:2),,
evs_combo,party_actwork_worg_female2,a085,c(0:1),[Political party] Do you currently participate actively in or do voluntary work for one or more of the following organisations? ,0 not mentioned / 1 mentioned,x001,c(1:2),a075,"c(0, 1)"
evs_combo,prof_actwork_worg_female2,a089,c(0:1),[Professional association] Do you currently participate actively in or do voluntary work for one or more of the following organisations? ,0 not mentioned / 1 mentioned,x001,c(1:2),a075,"c(0, 1)"
evs_combo,union_actwork_worg_female2,a084,c(0:1),[Trade union] Do you currently participate actively in or do voluntary work for one or more of the following organisations? ,0 not mentioned / 1 mentioned,x001,c(1:2),a075,"c(0, 1)"
fsdelection_combo,party_female2,"case_match(fnes167, 1 ~ 1, 2 ~ 0, 3 ~ 0)",c(0:1),Are you a member of any political party?,0 no / 1 yes,fnes2,c(1:2),,
fsdelection_combo,unionpro_female2,"case_match(fnes88, 1 ~ 0, 2 ~ 1, 3 ~ 1, 4 ~ 1, 5 ~ 1)",c(0:1),Are you a member of a trade union or professional association?,0 no / 1 yes,fnes2,c(1:2),,
fsdelection_combo,unionpro_active_female2,"case_match(fnes88, 1 ~ 0, 2 ~ 0, 3 ~ 1, 4 ~ 1, 5 ~ 1)",c(0:1),Are you an active member of a trade union or professional association?,0 no / 1 yes,fnes2,c(1:2),,
gallup_canada198804,union_female2,"case_match(union, 1 ~ 1, 2 ~ 0, 3 ~ 1, 4 ~ 0)",c(0:1),Are you a member of a union?,0 no / 1 yes,sex,c(1:2),,
gallup_canada199107,union_female2,"case_match(union, 1 ~ 1, 2 ~ 0, 3 ~ 1, 4 ~ 0)",c(0:1),Are you a member of a union?,0 no / 1 yes,sex,c(1:2),,
icenes1983,party_female2,"case_match(mmbprtsupport, c(1:6) ~ 1, 20 ~ 0, 96 ~ 0)",c(0:1),Are you a member of that party?,0 no / 1 yes,gender,c(1:2),,
icenes1987,party_female2,"case_match(mmbprtsupport, 1 ~ 1, 2 ~ 0, 6 ~ 0)",c(0:1),Are you a member of that party?,0 no / 1 yes,gender,c(1:2),,
icenes1991,party_female2,"case_match(mmbprtsupport, 1 ~ 1, 2 ~ 0, 6 ~ 0)",c(0:1),Are you a member of that party?,0 no / 1 yes,gender,c(1:2),,
icenes1991,unionpro_female2,"case_match(unmmb, 1 ~ 1, 2 ~ 0, 6 ~ 0)",c(0:1),Are you a member of a trade union or other economic or professional interest organization? ,0 no / 1 yes,gender,c(1:2),,
icenes1995,party_female2,"case_match(mmbprtsupport, 1 ~ 1, 2 ~ 0, 6 ~ 0)",c(0:1),Are you a member of that party?,0 no / 1 yes,gender,c(1:2),,
icenes1999,party_female2,mmbprt,c(2:1),Are you a member of that party?,1 yes / 2 no,gender,c(1:2),,
icenes1999,union_female2,unmmb,c(2:1),Are you a member of a union?,1 yes / 2 no,gender,c(1:2),,
icenes2003,party_female2,mmbprt,c(2:1),Are you a member of a political party,1 yes / 2 no,gender,c(1:2),,
icenes2003,union_female2,unmmb,c(2:1),Are you a member of a union?,1 yes / 2 no,gender,c(1:2),,
icenes2007,party_female2,mmbprt,c(2:1),Are you a member of a political party,1 yes / 2 no,gender,c(1:2),,
icenes2007,union_female2,unmmb,c(2:1),Are you a member of a union?,1 yes / 2 no,gender,c(1:2),,
icenes2009,party_female2,mmbprt,c(2:1),Are you a member of a political party,1 yes / 2 no,gender,c(1:2),,
icenes2009,union_female2,unmmb,c(2:1),Are you a member of a union?,1 yes / 2 no,gender,c(1:2),,
icenes2013,party_female2,mmbprt,c(2:1),Are you a member of a political party,1 yes / 2 no,gender,c(1:2),,
icenes2013,union_female2,unmmb,c(2:1),Are you a member of a union?,1 yes / 2 no,gender,c(1:2),,
issp1985,union_female2,"if_else(is.na(v116), 2, v116)",c(2:1),Do you belong to a union?,1 member / 2 not member,v118,c(1:2),,
issp1986,union_female2,"if_else(is.na(v79), 2, v79)",c(2:1),Do you belong to a union?,1 member / 2 not member,v81,c(1:2),,
issp1987,union_female2,"if_else(is.na(v81), 2, v81)",c(2:1),Do you belong to a union?,1 member / 2 not member,v83,c(1:2),,
issp1987ie,union_female2,"if_else(is.na(v81), 2, v81)",c(2:1),Do you belong to a union?,1 member / 2 not member,v83,c(1:2),,
issp1988,union_female2,"if_else(is.na(v80), 2, v80)",c(2:1),Do you belong to a union?,1 member / 2 not member,v65,c(1:2),,
issp1988au,union_female2,"if_else(is.na(itumemb), 2, itumemb)",c(2:1),Do you belong to a union?,1 member / 2 not member,isex,c(1:2),,
issp1988ie,union_female2,"if_else(is.na(v79), 2, v79)",c(2:1),Do you belong to a union?,1 member / 2 not member,v81,c(1:2),,
issp1989,union_female2,"if_else(is.na(v98), 2, v98)",c(2:1),Do you belong to a union?,1 member / 2 not member,v85,c(1:2),,
issp1990,union_female2,"if_else(is.na(v77), 2, v77)",c(2:1),Do you belong to a union?,1 member / 2 not member,v59,c(1:2),,
issp1991,union_female2,"if_else(is.na(v95), 2, v95)",c(2:1),Do you belong to a union?,1 member / 2 not member,v77,c(1:2),,
issp1992,union_female2,"if_else(is.na(v112), 2, v112)",c(2:1),Do you belong to a union?,1 member / 2 not member,v99,c(1:2),,
issp1993,union_female2,"if_else(is.na(v279), 2, v279)",c(2:1),Do you belong to a union?,1 member / 2 not member,v200,c(1:2),,
issp1994,union_female2,"if_else(is.na(v222), 2, v222)",c(2:1),Do you belong to a union?,1 member / 2 not member,v200,c(1:2),,
issp1995,union_female2,"if_else(is.na(v268), 2, v268)",c(2:1),Do you belong to a union?,1 member / 2 not member,v200,c(1:2),,
issp1996,union_female2,"if_else(is.na(v222), 2, v222)",c(2:1),Do you belong to a union?,1 member / 2 not member,v200,c(1:2),,
issp1997,union_female2,"if_else(is.na(union), 2, union)",c(2:1),Do you belong to a union?,1 member / 2 not member,sex,c(1:2),,
issp1998,union_female2,"if_else(is.na(v220), 2, v220)",c(2:1),Do you belong to a union?,0 not currently member / 1 currently member,v200,c(1:2),,
issp1998,party_work_female2_yr,"case_match(v32, 1 ~ 0, c(2:4) ~ 1)",c(0:1),"[Political activities (helping political parties, political movements, election campaigns, etc.)] Have you done any voluntary activity in the past 12 months in any of the following areas?",0 no / 1 yes,v200,c(1:2),,
issp1998,party_work_female4_yr,v32,c(1:4),"[Political activities (helping political parties, political movements, election campaigns, etc.)] Have you done any voluntary activity in the past 12 months in any of the following areas?","1 never / 2 yes, once or twice / 3 yes, 3-5 times / 4 yes, 6 or more times",v200,c(1:2),,
issp1999,union_female2,"if_else(is.na(union), 2, union)",c(2:1),Do you belong to a union?,1 member / 2 not member,sex,c(1:2),,
issp1999br,union_female2,"if_else(is.na(union), 2, union)",c(2:1),Do you belong to a union?,1 yes / 2 no,sex,c(1:2),,
issp1999ch,union_female2,"if_else(is.na(union), 2, union)",c(2:1),Do you belong to a union?,1 member / 2 not member,sex,c(1:2),,
issp1999dk,union_female2,"if_else(is.na(union), 2, union)",c(2:1),Do you belong to a union?,1 member / 2 not member,sex,c(1:2),,
issp1999ie,union_female2,"if_else(is.na(union), 2, union)",c(2:1),Do you belong to a union?,1 yes / 2 no,sex,c(1:2),,
issp1999nl,union_female2,"if_else(is.na(union), 2, union)",c(2:1),Do you belong to a union?,1 member / 2 not member,sex,c(1:2),,
issp2000,union_female2b,"case_when(is.na(v245) ~ 2, v245 > 2 ~ 2, TRUE ~ v245)",c(2:1),Do you belong to a union?,1 member / 2 not member,v200,c(1:2),,
issp2001,party_female2,"case_match(v29, 1 ~ 1, 2 ~ 1, 3 ~ 0, 4 ~ 0)",c(0:1),"[A political party] People sometimes belong to different kinds of groups or associations. For each type of group, please indicate whether you: belong and actively participate; belong but don't actively participate; used to belong but do not any more; or have never belonged to it.",0 do not belong / 1 belong,sex,c(1:2),,
issp2001,unionpro_female2,"case_match(v30, 1 ~ 1, 2 ~ 1, 3 ~ 0, 4 ~ 0)",c(0:1),"[A trade union, business, or professional association] People sometimes belong to different kinds of groups or associations. For each type of group, please indicate whether you: belong and actively participate; belong but don't actively participate; used to belong but do not any more; or have never belonged to it.",0 do not belong / 1 belong,sex,c(1:2),,
issp2001,party_active_female2,"case_match(v29, 1 ~ 1, 2 ~ 0, 3 ~ 0, 4 ~ 0)",c(0:1),"[A political party] People sometimes belong to different kinds of groups or associations. For each type of group, please indicate whether you: belong and actively participate; belong but don't actively participate; used to belong but do not any more; or have never belonged to it.","0 do not participate / 1 belong actively, participate",sex,c(1:2),,
issp2001,unionpro_active_female2,"case_match(v30, 1 ~ 1, 2 ~ 0, 3 ~ 0, 4 ~ 0)",c(0:1),"[A trade union, business, or professional association] People sometimes belong to different kinds of groups or associations. For each type of group, please indicate whether you: belong and actively participate; belong but don't actively participate; used to belong but do not any more; or have never belonged to it.","0 do not participate / 1 belong actively, participate",sex,c(1:2),,
issp2001,union_female2b,"case_when(is.na(union) ~ 2, union == 0 ~ 2, union == 3 ~ 2, union > 3 ~ NA_integer_, TRUE ~ union)",c(2:1),Do you belong to a union?,1 member / 2 not member,sex,c(1:2),,
issp2002,union_female2b,"case_when(is.na(v245) ~ 2, v245 > 2 ~ 2, TRUE ~ v245)",c(2:1),Do you belong to a union?,1 member / 2 not member,v200,c(1:2),,
issp2003,union_female2b,"case_when(is.na(union) ~ 2, union == 0 ~ 2, union == 3 ~ 2, union > 3 ~ NA_integer_, TRUE ~ union)",c(2:1),Do you belong to a union?,1 member / 2 not member,sex,c(1:2),,
issp2004,party_female2,"case_match(v25, 1 ~ 1, 2 ~ 1, 3 ~ 0, 4 ~ 0)",c(0:1),"[A political party] People sometimes belong to different kinds of groups or associations. For each type of group, please indicate whether you: belong and actively participate; belong but don't actively participate; used to belong but do not any more; or have never belonged to it.",0 do not belong / 1 belong,v200,c(1:2),,
issp2004,unionpro_female2,"case_match(v26, 1 ~ 1, 2 ~ 1, 3 ~ 0, 4 ~ 0)",c(0:1),"[A trade union, business, or professional association] People sometimes belong to different kinds of groups or associations. For each type of group, please indicate whether you: belong and actively participate; belong but don't actively participate; used to belong but do not any more; or have never belonged to it.",0 do not belong / 1 belong,v200,c(1:2),,
issp2004,party_active_female2,"case_match(v25, 1 ~ 1, 2 ~ 0, 3 ~ 0, 4 ~ 0)",c(0:1),"[A political party] People sometimes belong to different kinds of groups or associations. For each type of group, please indicate whether you: belong and actively participate; belong but don't actively participate; used to belong but do not any more; or have never belonged to it.","0 do not participate / 1 belong actively, participate",v200,c(1:2),,
issp2004,unionpro_active_female2,"case_match(v26, 1 ~ 1, 2 ~ 0, 3 ~ 0, 4 ~ 0)",c(0:1),"[A trade union, business, or professional association] People sometimes belong to different kinds of groups or associations. For each type of group, please indicate whether you: belong and actively participate; belong but don't actively participate; used to belong but do not any more; or have never belonged to it.","0 do not participate / 1 belong actively, participate",v200,c(1:2),,
issp2004,union_female2b,"case_when(is.na(v250) ~ 2, v250 > 2 ~ 2, TRUE ~ v250)",c(2:1),Do you belong to a union?,1 member / 2 not member,v200,c(1:2),,
issp2006,union_female2b,"case_when(is.na(union) ~ 2, union == 1 ~ 1, union == 2 ~ 2, union == 0 ~ 2, union == 3 ~ 2, union > 3 ~ NA_integer_)",c(2:1),Do you belong to a union?,1 member / 2 not member,sex,c(1:2),,
issp2006sk,union_female2b,"case_when(is.na(union) ~ 2, union == 1 ~ 1, union == 2 ~ 2, union == 0 ~ 2, union == 3 ~ 2, union > 3 ~ NA_integer_)",c(2:1),Do you belong to a union?,1 member / 2 not member,sex,c(1:2),,
issp2007,union_female2b,"case_when(is.na(union) ~ 2, union == 1 ~ 1, union == 2 ~ 2, union == 0 ~ 2, union == 3 ~ 2, union > 3 ~ NA_integer_)",c(2:1),Do you belong to a union?,1 member / 2 not member,sex,c(1:2),,
issp2008,union_female2b,"case_when(is.na(union) ~ 2, union == 1 ~ 1, union == 2 ~ 2, union == 0 ~ 2, union == 3 ~ 2, union > 3 ~ NA_integer_)",c(2:1),Do you belong to a union?,1 member / 2 not member,sex,c(1:2),,
issp2008a,union_female2b,"case_when(is.na(union) ~ 2, union == 1 ~ 1, union == 2 ~ 2, union == 0 ~ 2, union == 3 ~ 2, union > 3 ~ NA_integer_)",c(2:1),Do you belong to a union?,1 member / 2 not member,sex,c(1:2),,
issp2008ca,union_female2b,"case_when(is.na(union) ~ 2, union == 1 ~ 1, union == 2 ~ 2, union == 0 ~ 2, union == 3 ~ 2, union > 3 ~ NA_integer_)",c(2:1),Do you belong to a union?,1 member / 2 not member,sex,c(1:2),,
issp2009,union_female2b,"case_when(is.na(union) ~ 2, union == 1 ~ 1, union == 2 ~ 2, union == 0 ~ 2, union == 3 ~ 2, union > 3 ~ NA_integer_)",c(2:1),Do you belong to a union?,1 member / 2 not member,sex,c(1:2),,
issp2009ca,union_female2b,"case_when(is.na(union) ~ 2, union == 1 ~ 1, union == 2 ~ 2, union == 0 ~ 2, union == 3 ~ 2, union > 3 ~ NA_integer_)",c(2:1),Do you belong to a union?,1 member / 2 not member,sex,c(1:2),,
issp2009nl,union_female2b,"case_when(is.na(union) ~ 2, union == 1 ~ 1, union == 2 ~ 2, union == 0 ~ 2, union == 3 ~ 2, union > 3 ~ NA_integer_)",c(2:1),Do you belong to a union?,1 member / 2 not member,sex,c(1:2),,
issp2010,union_female2b,"case_when(is.na(union) ~ 2, union == 1 ~ 1, union == 2 ~ 2, union == 0 ~ 2, union == 3 ~ 2, union > 3 ~ 2)",c(2:1),Do you belong to a union?,1 member / 2 not member,sex,c(1:2),,
issp2010au,union_female2b,"case_when(is.na(union) ~ 2, union == 1 ~ 1, union == 2 ~ 2, union == 0 ~ 2, union == 3 ~ 2, union > 3 ~ 2)",c(2:1),Do you belong to a union?,1 member / 2 not member,sex,c(1:2),,
issp2010is,union_female2b,"case_when(is.na(union) ~ 2, union == 1 ~ 1, union == 2 ~ 2, union == 0 ~ 2, union == 3 ~ 2, union > 3 ~ 2)",c(2:1),Do you belong to a union?,1 member / 2 not member,sex,c(1:2),,
issp2010nl,union_female2b,"case_when(is.na(union) ~ 2, union == 1 ~ 1, union == 2 ~ 2, union == 0 ~ 2, union == 3 ~ 2, union > 3 ~ 2)",c(2:1),Do you belong to a union?,1 member / 2 not member,sex,c(1:2),,
issp2010pt,union_female2b,"case_when(is.na(union) ~ 2, union == 1 ~ 1, union == 2 ~ 2, union == 0 ~ 2, union == 3 ~ 2, union > 3 ~ 2)",c(2:1),Do you belong to a union?,1 member / 2 not member,sex,c(1:2),,
issp2011,union_female2b,"case_when(is.na(union) ~ 2, union == 1 ~ 1, union == 2 ~ 2, union == 0 ~ 2, union == 3 ~ 2, union > 3 ~ 2)",c(2:1),Do you belong to a union?,1 member / 2 not member,sex,c(1:2),,
issp2012,union_female2b,"case_when(is.na(union) ~ 2, union == 1 ~ 1, union == 2 ~ 2, union == 0 ~ 2, union == 3 ~ 2, union > 3 ~ 2)",c(2:1),Do you belong to a union?,1 member / 2 not member,sex,c(1:2),,
issp2013,union_female2b,"case_when(is.na(union) ~ 2, union == 1 ~ 1, union == 2 ~ 2, union == 0 ~ 2, union == 3 ~ 2, union > 3 ~ 2)",c(2:1),Do you belong to a union?,1 member / 2 not member,sex,c(1:2),,
issp2013nl,union_female2b,"case_when(is.na(union) ~ 2, union == 1 ~ 1, union == 2 ~ 2, union == 0 ~ 2, union == 3 ~ 2, union > 3 ~ 2)",c(2:1),Do you belong to a union?,1 member / 2 not member,sex,c(1:2),,
issp2014,party_female2,"case_match(v27, 1 ~ 1, 2 ~ 1, 3 ~ 0, 4 ~ 0)",c(0:1),"[A political party] People sometimes belong to different kinds of groups or associations. For each type of group, please indicate whether you: belong and actively participate; belong but don't actively participate; used to belong but do not any more; or have never belonged to it.",0 do not belong / 1 belong,sex,c(1:2),,
issp2014,union_female2a,"case_match(v28, 1 ~ 1, 2 ~ 1, 3 ~ 0, 4 ~ 0)",c(0:1),"[A trade union, business, or professional association] People sometimes belong to different kinds of groups or associations. For each type of group, please indicate whether you: belong and actively participate; belong but don't actively participate; used to belong but do not any more; or have never belonged to it.",0 do not belong / 1 belong,sex,c(1:2),,
issp2014,party_active_female2,"case_match(v27, 1 ~ 1, 2 ~ 0, 3 ~ 0, 4 ~ 0)",c(0:1),"[A political party] People sometimes belong to different kinds of groups or associations. For each type of group, please indicate whether you: belong and actively participate; belong but don't actively participate; used to belong but do not any more; or have never belonged to it.","0 do not participate / 1 belong actively, participate",sex,c(1:2),,
issp2014,union_active_female2,"case_match(v28, 1 ~ 1, 2 ~ 0, 3 ~ 0, 4 ~ 0)",c(0:1),"[A trade union, business, or professional association] People sometimes belong to different kinds of groups or associations. For each type of group, please indicate whether you: belong and actively participate; belong but don't actively participate; used to belong but do not any more; or have never belonged to it.","0 do not participate / 1 belong actively, participate",sex,c(1:2),,
issp2014,union_female2b,"case_when(is.na(union) ~ 2, union == 1 ~ 1, union == 2 ~ 2, union == 0 ~ 2, union == 3 ~ 2, union > 3 ~ 2)",c(2:1),Do you belong to a union?,1 member / 2 not member,sex,c(1:2),,
issp2015,union_female2b,"case_when(is.na(union) ~ 2, union == 1 ~ 1, union == 2 ~ 2, union == 0 ~ 2, union == 3 ~ 2, union > 3 ~ 2)",c(2:1),Do you belong to a union?,1 member / 2 not member,sex,c(1:2),,
issp2016,union_female2b,"case_when(is.na(union) ~ 2, union == 1 ~ 1, union == 2 ~ 2, union == 0 ~ 2, union == 3 ~ 2, union > 3 ~ 2)",c(2:1),Do you belong to a union?,1 member / 2 not member,sex,c(1:2),,
issp2017,party_actpart_female2_yr,"case_match(v18, c(1:4) ~ 1, 5 ~ 0)",c(0:1),"[Political parties, political groups or political associations] In the past 12 months, have you taken part in activities of:",0 no / 1 yes,sex,c(1:2),,
issp2017,party_work_female5_yr,v18,c(5:1),"[Political parties, political groups or political associations] In the past 12 months, how often, if at all, have you taken part in activities of:",1 once a week or more / 2 one to three times a month / 3 several times in the past year / 4 once in the past year / 5 never,sex,c(1:2),,
issp2017,union_female2b,"case_when(is.na(union) ~ 2, union == 1 ~ 1, union == 2 ~ 2, union == 0 ~ 2, union == 3 ~ 2, union > 3 ~ 2)",c(2:1),Do you belong to a union?,1 member / 2 not member,sex,c(1:2),,
issp2018,union_female2b,"case_when(is.na(union) ~ 2, union == 1 ~ 1, union == 2 ~ 2, union == 0 ~ 2, union == 3 ~ 2, union > 3 ~ 2)",c(2:1),Do you belong to a union?,1 member / 2 not member,sex,c(1:2),,
issp2018ext,union_female2b,"case_when(is.na(union) ~ 2, union == 1 ~ 1, union == 2 ~ 2, union == 0 ~ 2, union == 3 ~ 2, union > 3 ~ 2)",c(2:1),Do you belong to a union?,1 member / 2 not member,sex,c(1:2),,
issp2019,union_female2b,"case_when(is.na(union) ~ 2, union == 1 ~ 1, union == 2 ~ 2, union == 0 ~ 2, union == 3 ~ 2, union > 3 ~ 2)",c(2:1),Do you belong to a union?,1 member / 2 not member,sex,c(1:2),,
issp2020,union_female2b,"case_when(is.na(union) ~ 2, union == 1 ~ 1, union == 2 ~ 2, union == 0 ~ 2, union == 3 ~ 2, union > 3 ~ 2)",c(2:1),Do you belong to a union?,1 member / 2 not member,sex,c(1:2),,
itanes1985,party_female2,v21,c(2:1),[Any political party] Are you part of any of these associations? ,1 yes / 2 no,v165,c(1:2),,
itanes1985,prof_female2,v22,c(2:1),[Professional associations] Are you part of any of these associations? ,1 yes / 2 no,v165,c(1:2),,
itanes1985,union_female2,v23,c(2:1),Do you belong to a union?,1 yes / 2 no,v165,c(1:2),,
itanes1985,party_meet_female2,"case_when(v29 == 3 & v30 ==3 ~ 2, TRUE ~ 1)",c(2:1),Do you attend meetings of a political party or dedicate part of your time to a party or a candidate for a political office?,1 yes / 2 no,v165,c(1:2),,
itanes1990,unionpro_meet_female2,q86_1,c(2:1),Do you attend assemblies of a union or professional association?,1 yes / 2 no,q101,c(1:2),,
itanes1990,union_female2,q87_1,c(1:2),Do you belong to a union?,1 no / 2 yes,q101,c(1:2),,
itanes1990,prof_female2,q87_2,c(1:2),Do you belong to a professional association?,1 no / 2 yes,q101,c(1:2),,
itanes1996,party_female2,q164,c(2:1),Are you a member of a party or political movement?,1 yes / 2 no,q234,c(1:2),,
itanes1996,union_female2,q159,c(2:1),Are you a member of a union?,1 yes / 2 no,q234,c(1:2),,
itanes1996,prof_female2,q161,c(2:1),Are you a member of a professional association?,1 yes / 2 no,q234,c(1:2),,
itanes2001,party_female2,"case_match(d22, 1 ~ 1, 2 ~ 2, 3 ~ 2)",c(2:1),Are you a member of a party or political movement?,1 yes / 2 no,f1,c(1:2),,
itanes2001,union_female2b,"case_match(d18, 1 ~ 1, 2 ~ 2, 3 ~ 2)",c(2:1),Are you a member of a union?,1 yes / 2 no,f1,c(1:2),,
itanes2001,prof_female2,"case_match(d20, 1 ~ 1, 2 ~ 2, 3 ~ 2)",c(2:1),Are you a member of a professional association?,1 yes / 2 no,f1,c(1:2),,
itanes2001_2006_04,party_female2,q34a_13,c(0:1),Are you a member of a party or political movement?,0 no / 1 yes,a_04,c(1:2),,
itanes2001_2006_04,union_female2,q34a_12,c(0:1),Are you a member of a union?,0 no / 1 yes,a_04,c(1:2),,
itanes2001_2006_04,prof_female2,q34a_14,c(0:1),Are you a member of a professional association?,0 no / 1 yes,a_04,c(1:2),,
itanes2001_2006_04,party_work_female2,q30_8,c(2:1),Have you dedicated time or labor for a party or political candidate?,1 yes / 2 no,a_04,c(1:2),,
itanes2001_2006_04,party_active_female2,q34b_13,c(0:1),Do you participate in the activities of a party or political movement?,0 no / 1 yes,a_04,c(1:2),,
itanes2001_2006_04,union_active_female2,q34b_12,c(0:1),Do you participate in the activities of a union?,0 no / 1 yes,a_04,c(1:2),,
itanes2001_2006_04,prof_active_female2,q34b_14,c(0:1),Do you participate in the activities of a professional association?,0 no / 1 yes,a_04,c(1:2),,
itanes2011_2013,party_active_female2,q36_w5_01_09_w5,c(2:1),Do you participate in the activities of a party or political movement?,1 yes / 2 no,a001,c(1:2),,
itanes2011_2013,union_active_female2,q36_w5_01_07_w5,c(2:1),Do you participate in the activities of a union?,1 yes / 2 no,a001,c(1:2),,
itanes2011_2013,prof_active_female2,q36_w5_01_08_w5,c(2:1),Do you participate in the activities of a professional association?,1 yes / 2 no,a001,c(1:2),,
jgss,union_female2,"case_match(joinuni, 1 ~ 1, 2 ~ 1, 3 ~ 0)",c(0:1),Are you yourself a member of a trade union?,0 no / 1 yes,sexa,c(1:2),,
jgss2005,union_female2,"case_match(joinuni, 1 ~ 1, 2 ~ 1, 3 ~ 0)",c(0:1),Are you yourself a member of a trade union?,0 no / 1 yes,sexa,c(1:2),,
jgss2006,union_female2,"case_match(joinuni, 1 ~ 1, 2 ~ 1, 3 ~ 0)",c(0:1),Are you yourself a member of a trade union?,0 no / 1 yes,sexa,c(1:2),,
jgss2008,union_female2,"case_match(joinuni, 1 ~ 1, 2 ~ 1, 3 ~ 0)",c(0:1),Are you yourself a member of a trade union?,0 no / 1 yes,sexa,c(1:2),,
jgss2010,union_female2,"case_match(joinuni, 1 ~ 1, 2 ~ 1, 3 ~ 0)",c(0:1),Are you yourself a member of a trade union?,0 no / 1 yes,sexa,c(1:2),,
jgss2012,union_female2,"case_match(joinuni, 1 ~ 1, 2 ~ 1, 3 ~ 0)",c(0:1),Are you yourself a member of a trade union?,0 no / 1 yes,sexa,c(1:2),,
jgss2015,union_female2,"case_match(joinuni, 1 ~ 1, 2 ~ 1, 3 ~ 0)",c(0:1),Are you yourself a member of a trade union?,0 no / 1 yes,sexa,c(1:2),,
jvo_combo,party_female2,q44_8,c(0:1),Have you acted as a member of a party or political organization?,0 not mentioned / 1 mentioned,sei,c(1:2),,
kgss,union_female2,wgunn,c(2:1),Are you yourself a member of a trade union?,1 yes / 2 no,sex,c(1:2),,
kobar1994,party_work_female2,q15_4,c(2:1),Please tell me all the political activities you have been involved in: Working for a particular party or candidate,2 not mentioned / 1 mentioned,sq3,c(1:2),,
kobar1996,union_female2,q52_6,c(2:1),"[Labor unions] Of the associations and meetings listed on this card, with which ones are you affiliated?",1 member / 2 not member,sq3,c(1:2),,
kobar1996,prof_female2,q52_8,c(2:1),"[Profession organizations] Of the associations and meetings listed on this card, with which ones are you affiliated?",1 member / 2 not member,sq3,c(1:2),,
kobar1996,party_female2,q52_9,c(2:1),"[Political parties] Of the associations and meetings listed on this card, with which ones are you affiliated?",1 member / 2 not member,sq3,c(1:2),,
kobar1999,party_meet_female2,"case_when(q30_2 == 2 ~ 1, TRUE ~ 2)",c(2:1),"[Participating in a political meeting or assembly] Since the December 1997 presidential election, have you participated in any of the political activities listed on this card?",1 yes / 2 no,sq3,c(1:2),,
kobar2004,prof_female2,q58a08,c(2:1),[Political groups or meetings] Are you a member of any of the following groups or meetings?,1 yes / 2 no,sex,c(1:2),,
kobar2004,union_female2,q58a06,c(2:1),[Political groups or meetings] Are you a member of any of the following groups or meetings?,1 yes / 2 no,sex,c(1:2),,
kobar2004,party_female2,q58a09,c(2:1),[Political groups or meetings] Are you a member of any of the following groups or meetings?,1 yes / 2 no,sex,c(1:2),,
kobar2010,party_work_female2_yr,q42_2,c(2:1),"[Worked in a political party or action group] In the past twelve months, have you:",1 yes / 2 no,sex,c(1:2),,
lb1995,union_female2b,"case_match(p73, 1 ~ 1, 2 ~ 0, 3 ~ 0)",c(0:1),Do you belong to a union?,0 no / 1 yes,s1,c(1:2),,
lb1996,union_actpart_female2,p56e,c(0:1),[Union] Which organizations do you take part:,0 not mentioned / 1 mentioned,s1,c(1:2),,
lb1996,party_actpart_female2,p56g,c(0:1),[Political party] Which organizations do you take part:,0 not mentioned / 1 mentioned,s1,c(1:2),,
lb1998,union_actpart_female2,np57d,c(0:1),[Union] Which organizations do you take part:,0 not mentioned / 1 mentioned,s1,c(1:2),,
lb1998,prof_actpart_female2,np57f,c(0:1),[Professional association] Which organizations do you take part:,0 not mentioned / 1 mentioned,s1,c(1:2),,
lb1998,party_actpart_female2,np57i,c(0:1),[Political party] Which organizations do you take part:,0 not mentioned / 1 mentioned,s1,c(1:2),,
lb2000,union_actpart_female2,p60st_d,c(0:1),[Union] Which organizations do you take part:,0 not mentioned / 1 mentioned,s1,c(1:2),,
lb2000,prof_actpart_female2,p60st_f,c(0:1),[Professional association] Which organizations do you take part:,0 not mentioned / 1 mentioned,s1,c(1:2),,
lb2000,party_actpart_female2,p60st_i,c(0:1),[Political party] Which organizations do you take part:,0 not mentioned / 1 mentioned,s1,c(1:2),,
lb2000,party_work_female4,p58st_e,c(4:1),How frequently do you work or have worked for a political party or candidate?,1 very frequently / 2 frequently / 3 almost never / 4 never,s1,c(1:2),,
lb2003,union_female2b,"case_match(p83st, 1 ~ 1, 2 ~ 0, 3 ~ 0)",c(0:1),Do you belong to a union?,0 no / 1 yes,s1,c(1:2),,
lb2004,party_work_female2,p44es_2,c(0:1),Worked for or donated to politiical party or group to improve things,0 not mentioned / 1 mentioned,s1,c(1:2),,
lb2005,union_female2,p70a_3,c(0:1),[Union] Which organizations are you a member,0 not mentioned / 1 mentioned,s6,c(1:2),,
lb2005,prof_female2,p70a_4,c(0:1),[Professional association] Which organizations are you a member,0 not mentioned / 1 mentioned,s6,c(1:2),,
lb2005,unionpro_female2a,"case_when(p70a_4 == 1 | p70a_3 == 1 ~ 1, p70a_4 == 0 & p70a_3 == 0 ~ 0)",c(0:1),[Professional association or union] Which organizations are you a member,0 not mentioned / 1 mentioned,s6,c(1:2),,
lb2005,party_female2,p70a_11,c(0:1),[Political party] Which organizations are you a member,0 not mentioned / 1 mentioned,s6,c(1:2),,
lb2005,union_actpart_female2,p70c_3,c(0:1),[Union] Which organizations do you take part:,0 not mentioned / 1 mentioned,s6,c(1:2),,
lb2005,prof_actpart_female2,p70c_4,c(0:1),[Professional association] Which organizations do you take part:,0 not mentioned / 1 mentioned,s6,c(1:2),,
lb2005,party_work_female4,p71stc,c(4:1),How frequently do you work or have worked for a political party or candidate?,1 very frequently / 2 frequently / 3 almost never / 4 never,s6,c(1:2),,
lb2005,party_actpart_female2,"case_when(between(p71stc, 1, 3) ~ 1, p70c_11 == 1 ~ 1, TRUE ~ 0)",c(0:1),[Political party] Which organizations do you take part:,0 not mentioned / 1 mentioned,s6,c(1:2),,
lb2007,party_female2,"case_match(p65na, 1 ~ 1, 2 ~ 1, 3 ~ 0, 4 ~ 0)",c(0:1),"[A political party] People sometimes belong to different kinds of groups or associations. For each type of group, please indicate whether you: belong and actively participate; belong but don't actively participate; used to belong but do not any more; or have never belonged to it.",0 do not belong / 1 belong,s10,c(1:2),,
lb2007,unionpro_female2,"case_match(p65nb, 1 ~ 1, 2 ~ 1, 3 ~ 0, 4 ~ 0)",c(0:1),"[A trade union, business, or professional association] People sometimes belong to different kinds of groups or associations. For each type of group, please indicate whether you: belong and actively participate; belong but don't actively participate; used to belong but do not any more; or have never belonged to it.",0 do not belong / 1 belong,s10,c(1:2),,
lb2007,party_active_female2,"case_match(p65na, 1 ~ 1, 2 ~ 0, 3 ~ 0, 4 ~ 0)",c(0:1),"[A political party] People sometimes belong to different kinds of groups or associations. For each type of group, please indicate whether you: belong and actively participate; belong but don't actively participate; used to belong but do not any more; or have never belonged to it.","0 do not participate / 1 belong actively, participate",s10,c(1:2),,
lb2007,unionpro_active_female2,"case_match(p65nb, 1 ~ 1, 2 ~ 0, 3 ~ 0, 4 ~ 0)",c(0:1),"[A trade union, business, or professional association] People sometimes belong to different kinds of groups or associations. For each type of group, please indicate whether you: belong and actively participate; belong but don't actively participate; used to belong but do not any more; or have never belonged to it.","0 do not participate / 1 belong actively, participate",s10,c(1:2),,
lb2008,party_actpart_female2,p80sta,c(0:1),[Political party] Which organizations do you take part:,0 not mentioned / 1 mentioned,s8,c(1:2),,
lb2008,union_actpart_female2,p80stb,c(0:1),[Union] Which organizations do you take part:,0 not mentioned / 1 mentioned,s8,c(1:2),,
lb2013,party_work_female4,p30st_b,c(4:1),How frequently do you work or have worked for a political party or candidate?,1 very frequently / 2 frequently / 3 almost never / 4 never,s10,c(1:2),,
lb2013,party_work_female2,"case_match(p30st_b, c(1:3) ~ 1, 4 ~ 0)",c(0:1),How frequently do you work or have worked for a political party or candidate?,1 very frequently / 2 frequently / 3 almost never / 4 never,s10,c(1:2),,
lb2015,party_work_female4,p20st_b,c(4:1),How frequently do you work or have worked for a political party or candidate?,1 very frequently / 2 frequently / 3 almost never / 4 never,s12,c(1:2),,
lb2015,party_work_female2,"case_match(p20st_b, c(1:3) ~ 1, 4 ~ 0)",c(0:1),How frequently do you work or have worked for a political party or candidate?,1 very frequently / 2 frequently / 3 almost never / 4 never,s12,c(1:2),,
lb2020,party_work_female4,p54st_d,c(4:1),How frequently do you work or have worked for a political party or candidate?,1 very frequently / 2 frequently / 3 almost never / 4 never,sexo,c(1:2),,
lb2020,party_work_female2,"case_match(p54st_d, c(1:3) ~ 1, 4 ~ 0)",c(0:1),How frequently do you work or have worked for a political party or candidate?,1 very frequently / 2 frequently / 3 almost never / 4 never,sexo,c(1:2),,
lits_wave1,party_female2,q703_1,c(0:1),Are you currently a member of a political party?,0 no / 1 yes,genderb,c(1:0),,
lits_wave2,party_female2,q712,c(2:1),Are you currently a member of a political party?,1 yes / 2 no,select_r,c(1:2),,
lits_wave2,union_female2a,"case_match(q713d, 1 ~ 1, 2 ~ 1, 3 ~ 0)",c(0:1),Are you a member of a labor union?,0 no / 1 yes,select_r,c(1:2),,
lits_wave2,union_active_female2,"case_match(q713d, 1 ~ 1, 2 ~ 0, 3 ~ 0)",c(0:1),Are you an active member of a labor union?,0 no / 1 yes,select_r,c(1:2),,
lits_wave2,prof_female2,"case_match(q713f, 1 ~ 1, 2 ~ 1, 3 ~ 0)",c(0:1),Are you a member of a professional association?,0 no / 1 yes,select_r,c(1:2),,
lits_wave2,prof_active_female2,"case_match(q713f, 1 ~ 1, 2 ~ 0, 3 ~ 0)",c(0:1),Are you an active member of a professional association?,0 no / 1 yes,select_r,c(1:2),,
lits_wave3,party_female2,q917,c(2:1),Are you currently a member of a political party?,1 yes / 2 no,gender_pr,c(1:2),,
lits_wave3,party_worg_female2,q917,c(2:1),Are you currently a member of a political party?,1 yes / 2 no,gender_pr,c(1:2),"case_match(q919i, 1 ~ 1, 2 ~ 1, 3 ~ 0)",c(0:1)
lits_wave3,union_female2a,"case_match(q919d, 1 ~ 1, 2 ~ 1, 3 ~ 0)",c(0:1),Are you a member of a labor union?,0 no / 1 yes,gender_pr,c(1:2),,
lits_wave3,union_active_female2,"case_match(q919d, 1 ~ 1, 2 ~ 0, 3 ~ 0)",c(0:1),Are you an active member of a labor union?,0 no / 1 yes,gender_pr,c(1:2),,
lits_wave3,prof_female2,"case_match(q919f, 1 ~ 1, 2 ~ 1, 3 ~ 0)",c(0:1),Are you a member of a professional association?,0 no / 1 yes,gender_pr,c(1:2),,
lits_wave3,prof_active_female2,"case_match(q919f, 1 ~ 1, 2 ~ 0, 3 ~ 0)",c(0:1),Are you an active member of a professional association?,0 no / 1 yes,gender_pr,c(1:2),,
nores_combo1,party_female2,"case_match(polint11, 1 ~ 1, 2 ~ 5, 5 ~ 5)","c(5, 1)",Are you currently a paying member of a political party?,1 yes / 5 no,bakgr78,c(1:2),,
nores_combo1,party_meet_female2,polint18,c(2:1),Do you attend party list meetings?,1 yes / 2 no,bakgr78,c(1:2),,
nores_combo1,unionpro_female2,bakgr43b,"c(5, 1)",Are you currently a member of a trade union or professional association?,1 yes / 5 no,bakgr78,c(1:2),,
nores_combo1,unionpro_active_female2,bakgr46,c(2:1),Are you an active member of a trade union or professional association?,1 yes / 2 no,bakgr78,c(1:2),,
nores_combo2,party_female2,polint28,c(2:1),Are you currently a paying member of a political party?,1 yes / 2 no,kjoenn,c(1:2),,
nores_combo2,unionpro_female2,bakgr43,c(2:1),Are you currently a member of a trade union or professional association?,1 yes / 2 no,kjoenn,c(1:2),,
nores_combo2,unionpro_active_female2,bakgr46,c(2:1),Are you an active member of a trade union or professional association?,1 yes / 2 no,kjoenn,c(1:2),,
nores2013,party_female2,spm16h,c(2:1),Are you currently a paying member of a political party?,1 yes / 2 no,kjonn,c(1:2),,
nores2013,party_meet_female2,spm17,c(2:1),Do you attend party list meetings?,1 yes / 2 no,kjonn,c(1:2),,
nzes1993,union_female2b,"case_match(ntu, 0 ~ 0, 1 ~ 1, 2 ~ 0) ",c(0:1),Are you a member of a trade union?,0 no / 1 yes,nsex,c(1:2),,
nzes1993,party_work_female2,wkpart,c(0:1),Have you done work for a political party?,0 no / 1 yes,nsex,c(1:2),,
nzes1996,union_female2b,"case_match(pntu, 0 ~ 0, 1 ~ 1, 2 ~ 0) ",c(0:1),Are you a member of a trade union?,0 no / 1 yes,qsex,c(1:2),,
nzes1996,party_work_female2,pwkpart,c(2:1),Have you done work for a political party?,1 yes / 2 no,qsex,c(1:2),,
nzes2005,party_work_female5,"case_match(ymempar, 1 ~ 5, 2 ~ 5, 3 ~ 4, 4 ~ 3, 5 ~ 2, 6 ~ 1)",c(5:1),How frequently do you work or have worked for a political party or candidate?,1 once a week or more / 2 one to three times a month / 3 several times in the past year / 4 once in the past year / 5 never,ysex,c(1:2),,
nzes2005,union_work_female4,"case_match(ymemun, 1 ~ 4, 2 ~ 4, 3 ~ 3, 4 ~ 3, 5 ~ 2, 6 ~ 1)",c(4:1),How frequently do you work or have worked for a union?,1 once a week / 2 once or twice a month / 3 Once or twice a year / 4 never,ysex,c(1:2),,
nzes2005,party_female2,"case_match(ymempar, 1 ~ 0, 2 ~ 1, 3 ~ 1, 4 ~ 1, 5 ~ 1, 6 ~ 1)",c(0:1),Are you a member of a political party?,0 no / 1 yes,ysex,c(1:2),,
nzes2005,union_female2a,"case_match(ymemun, 1 ~ 0, 2 ~ 1, 3 ~ 1, 4 ~ 1, 5 ~ 1, 6 ~ 1)",c(0:1),Are you a member of a trade union?,0 no / 1 yes,ysex,c(1:2),,
nzes2005,party_work_female2,"case_match(ymempar, 1 ~ 0, 2 ~ 0, c(3:6) ~ 1)",c(0:1),Do you work or have worked for a political party or candidate?,0 no / 1 yes,ysex,c(1:2),,
nzes2005,union_work_female2,"case_match(ymemun, c(1:2) ~ 0, c(3 :6) ~ 1)",c(0:1),Do you work or have worked for a union?,0 no / 1 yes,ysex,c(1:2),,
nzes2011,union_female2s,"case_match(jtradeunion, 1 ~ 1, 2 ~ 1, 3 ~ 0, 4 ~ 0)",c(0:1),Are you a member of a trade union?,0 no / 1 yes,jsex,c(1:2),,
nzes2014,union_female2s,"case_match(dtradeunion, 1 ~ 1, 2 ~ 1, 3 ~ 0, 4 ~ 0)",c(0:1),Are you a member of a trade union?,0 no / 1 yes,dsex,c(1:2),,
pa_w1,union_female2s,"case_match(v250, 1 ~ 1, 2 ~ 1, 3 ~ 0, 4 ~ 0)",c(0:1),Are you a member of a labor union?,0 no / 1 yes,v283,c(1:2),,
pa_w2,union_female2,v1233,c(2:1),Are you a member of a labor union?,1 yes / 2 no,v1271,c(1:2),,
pewrel2017_we,party_work_female2_mo,q4b,c(2:1),"[A political party] In the past month, have you spent AN HOUR OR MORE of your time participating in:",1 yes / 2 no,qgen,c(1:2),,
politbarometer_combo,union_female2s,"case_match(vx55, 1 ~ 1, 2 ~ 0, 3 ~ 1, 4 ~ 0)",c(0:1),Do you belong to a union?,0 no / 1 yes,vx5,c(1:2),,
ress2014,union_female2b,"case_match(mbtru, 1 ~ 1, 2 ~ 0, 3 ~ 0)",c(0:1),Are you a member of a union?,0 no / 1 yes,gndr,c(1:2),,
ress2014,party_work_female2_yr,wrkprty,c(2:1),"Over the last 12 months, have you worked in a political party or action group?",0 no / 1 yes,gndr,c(1:2),,
sasas2014,union_female2b,"case_match(mbtru, 1 ~ 1, 2 ~ 0, 3 ~ 0)",c(0:1),Are you a member of a union?,0 no / 1 yes,gndr,c(1:2),,
som_combo,party_female2,"case_match(mb40f, c(1:3) ~ 1, c(97, 99) ~ 0)",c(0:1),[Political party] Are you a member of?,0 no / 1 yes,sex,c(2:1),,
som_combo,party_meet_female2,"case_match(mb40f, c(2:3) ~ 1, c(1, 97, 99) ~ 0)",c(0:1),"[Political party] Are you an active member (attended meeting, had assignment) of?",0 no / 1 yes,sex,c(2:1),,
som_combo,party_female2,"case_match(mb50e, c(2:4) ~ 1, c(1, 97, 99) ~ 0)",c(0:1),[Political party] Are you a member of?,0 no / 1 yes,sex,c(2:1),,
som_combo,party_meet_female2,"case_match(mb50e, c(3:4) ~ 1, c(1:2, 97, 99) ~ 0)",c(0:1),"[Political party] Are you an active member (attended meeting, had assignment) of?",0 no / 1 yes,sex,c(2:1),,
som_combo,party_female2,"case_match(mb60c, c(2:4, 98) ~ 1, c(1, 97, 99) ~ 0)",c(0:1),[Political party] Are you a member of?,0 no / 1 yes,sex,c(2:1),,
som_combo,party_meet_female2,"case_match(mb60c, c(3:4, 98) ~ 1, c(1:2, 97, 99) ~ 0)",c(0:1),"[Political party] Are you an active member (attended meeting, had assignment) of?",0 no / 1 yes,sex,c(2:1),,
som_combo,unionpro_female2,"case_match(mb40b, c(1:3) ~ 1, c(97, 99) ~ 0)",c(0:1),[Political party] Are you a member of?,0 no / 1 yes,sex,c(2:1),,
som_combo,unionpro_meet_female2,"case_match(mb40b, c(2:3) ~ 1, c(1, 97, 99) ~ 0)",c(0:1),"[Political party] Are you an active member (attended meeting, had assignment) of?",0 no / 1 yes,sex,c(2:1),,
som_combo,unionpro_female2,"case_match(mb50f, c(2:4) ~ 1, c(1, 97, 99) ~ 0)",c(0:1),[Political party] Are you a member of?,0 no / 1 yes,sex,c(2:1),,
som_combo,unionpro_meet_female2,"case_match(mb50f, c(3:4) ~ 1, c(1:2, 97, 99) ~ 0)",c(0:1),"[Political party] Are you an active member (attended meeting, had assignment) of?",0 no / 1 yes,sex,c(2:1),,
som_combo,unionpro_female2,"case_match(mb60e, c(2:4, 98) ~ 1, c(1, 97, 99) ~ 0)",c(0:1),[Political party] Are you a member of?,0 no / 1 yes,sex,c(2:1),,
som_combo,unionpro_meet_female2,"case_match(mb60e, c(3:4, 98) ~ 1, c(1:2, 97, 99) ~ 0)",c(0:1),"[Political party] Are you an active member (attended meeting, had assignment) of?",0 no / 1 yes,sex,c(2:1),,
usgss,party_female2,mempolit,c(2:1),[Political clubs] Now we would like to know something about the groups or organizations to which individuals belong. Here is a list of various organizations. Could you tell me whether or not you are a member of each type? ,1 yes / 2 no,sex,c(1:2),,
usgss,prof_female2,memprof,c(2:1),[Professional or academic societies] Now we would like to know something about the groups or organizations to which individuals belong. Here is a list of various organizations. Could you tell me whether or not you are a member of each type? ,1 yes / 2 no,sex,c(1:2),,
usgss,union_female2,memunion,c(2:1),[Labor unions] Now we would like to know something about the groups or organizations to which individuals belong. Here is a list of various organizations. Could you tell me whether or not you are a member of each type? ,1 yes / 2 no,sex,c(1:2),,
usgss,party_work_female5,partpart,c(5:1),How frequently do you work or have worked for organizations for politics or political associations?,1 once a week or more / 2 one to three times a month / 3 several times in the past year / 4 once in the past year / 5 never,sex,c(1:2),,
usgss,party_work_female2,"case_match(partpart, 1 ~ 1, 2 ~ 1, 3 ~ 1, 4 ~ 1, 5 ~ 0)",c(0:1),Do you work or have worked for organizations for politics or political associations?,0 no / 1 yes,sex,c(1:2),,
usgss,party_work_female2,"case_match(workpol, 1 ~ 1, 2 ~ 1, 3 ~ 1, 4 ~ 0)",c(0:1),Do you work or have worked for political parties or candidates?,1 once a week / 2 once or twice a month / 3 Once or twice a year / 4 never,sex,c(1:2),,
wvs_combo,party_female2,a068,c(0:1),"[Political parties] Please look carefully at the following list of voluntary organisations and activities and say...which, if any, do you belong to?",0 not mentioned / 1 belong,x001,c(1:2),,
wvs_combo,prof_female2,a072,c(0:1),"[Professional associations] Please look carefully at the following list of voluntary organisations and activities and say...which, if any, do you belong to?",0 not mentioned / 1 belong,x001,c(1:2),,
wvs_combo,unionpro_female2a,"case_when(a072 == 1 | a067 == 1 ~ 1, a072 == 0 & a067 == 0 ~ 0)",c(0:1),"[Professional associations or labour unions] Please look carefully at the following list of voluntary organisations and activities and say...which, if any, do you belong to?",0 not mentioned / 1 belong,x001,c(1:2),,
wvs_combo,union_female2,a067,c(0:1),"[Labour unions] Please look carefully at the following list of voluntary organisations and activities and say...which, if any, do you belong to?",0 not mentioned / 1 belong,x001,c(1:2),,
wvs_combo,party_worg_female2,a068,c(0:1),"[Political parties] Please look carefully at the following list of voluntary organisations and activities and say...which, if any, do you belong to?",0 not mentioned / 1 belong,x001,c(1:2),a075,"c(0, 1)"
wvs_combo,prof_worg_female2,a072,c(0:1),"[Professional associations] Please look carefully at the following list of voluntary organisations and activities and say...which, if any, do you belong to?",0 not mentioned / 1 belong,x001,c(1:2),a075,"c(0, 1)"
wvs_combo,union_worg_female2,a067,c(0:1),"[Labour unions] Please look carefully at the following list of voluntary organisations and activities and say...which, if any, do you belong to?",0 not mentioned / 1 belong,x001,c(1:2),a075,"c(0, 1)"
wvs_combo,party_actwork_female2,a085,c(0:1),[Political party] Do you currently participate actively in or do voluntary work for one or more of the following organisations? ,0 not mentioned / 1 mentioned,x001,c(1:2),,
wvs_combo,prof_actwork_female2,a089,c(0:1),[Professional association] Do you currently participate actively in or do voluntary work for one or more of the following organisations? ,0 not mentioned / 1 mentioned,x001,c(1:2),,
wvs_combo,union_actwork_female2,a084,c(0:1),[Trade union] Do you currently participate actively in or do voluntary work for one or more of the following organisations? ,0 not mentioned / 1 mentioned,x001,c(1:2),,
wvs_combo,party_actwork_worg_female2,a085,c(0:1),[Political party] Do you currently participate actively in or do voluntary work for one or more of the following organisations? ,0 not mentioned / 1 mentioned,x001,c(1:2),a075,"c(0, 1)"
wvs_combo,prof_actwork_worg_female2,a089,c(0:1),[Professional association] Do you currently participate actively in or do voluntary work for one or more of the following organisations? ,0 not mentioned / 1 mentioned,x001,c(1:2),a075,"c(0, 1)"
wvs_combo,union_actwork_worg_female2,a084,c(0:1),[Trade union] Do you currently participate actively in or do voluntary work for one or more of the following organisations? ,0 not mentioned / 1 mentioned,x001,c(1:2),a075,"c(0, 1)"