country,article,dataset
Australia,"Ferragina, E; Seeleib-Kaiser, M",
Austria,"Ferragina, E; Seeleib-Kaiser, M",
Belgium,"Ferragina, E; Seeleib-Kaiser, M",
Canada,"Ferragina, E; Seeleib-Kaiser, M",
Denmark,"Ferragina, E; Seeleib-Kaiser, M",
Finland,"Ferragina, E; Seeleib-Kaiser, M",
France,"Ferragina, E; Seeleib-Kaiser, M",
Germany,"Ferragina, E; Seeleib-Kaiser, M",
Ireland,"Ferragina, E; Seeleib-Kaiser, M",
Italy,"Ferragina, E; Seeleib-Kaiser, M",
Japan,"Ferragina, E; Seeleib-Kaiser, M",
Netherlands,"Ferragina, E; Seeleib-Kaiser, M",
New Zealand,"Ferragina, E; Seeleib-Kaiser, M",
Norway,"Ferragina, E; Seeleib-Kaiser, M",
Sweden,"Ferragina, E; Seeleib-Kaiser, M",
Switzerland,"Ferragina, E; Seeleib-Kaiser, M",
United Kingdom,"Ferragina, E; Seeleib-Kaiser, M",
United States,"Ferragina, E; Seeleib-Kaiser, M",
Andorra,"Alesina, A; Giuliano, P; Nunn, N",
Argentina,"Alesina, A; Giuliano, P; Nunn, N",
Armenia,"Alesina, A; Giuliano, P; Nunn, N",
Australia,"Alesina, A; Giuliano, P; Nunn, N",
Austria,"Alesina, A; Giuliano, P; Nunn, N",
Azerbaijan,"Alesina, A; Giuliano, P; Nunn, N",
Belgium,"Alesina, A; Giuliano, P; Nunn, N",
Burkina Faso,"Alesina, A; Giuliano, P; Nunn, N",
Bangladesh,"Alesina, A; Giuliano, P; Nunn, N",
Bulgaria,"Alesina, A; Giuliano, P; Nunn, N",
Bosnia,"Alesina, A; Giuliano, P; Nunn, N",
Belarus,"Alesina, A; Giuliano, P; Nunn, N",
Brazil,"Alesina, A; Giuliano, P; Nunn, N",
Canada,"Alesina, A; Giuliano, P; Nunn, N",
Switzerland,"Alesina, A; Giuliano, P; Nunn, N",
China,"Alesina, A; Giuliano, P; Nunn, N",
Colombia,"Alesina, A; Giuliano, P; Nunn, N",
Cyprus,"Alesina, A; Giuliano, P; Nunn, N",
Czech Republic,"Alesina, A; Giuliano, P; Nunn, N",
Germany,"Alesina, A; Giuliano, P; Nunn, N",
Denmark,"Alesina, A; Giuliano, P; Nunn, N",
Dominican Republic,"Alesina, A; Giuliano, P; Nunn, N",
Algeria,"Alesina, A; Giuliano, P; Nunn, N",
Egypt,"Alesina, A; Giuliano, P; Nunn, N",
Spain,"Alesina, A; Giuliano, P; Nunn, N",
Estonia,"Alesina, A; Giuliano, P; Nunn, N",
France,"Alesina, A; Giuliano, P; Nunn, N",
United Kingdom,"Alesina, A; Giuliano, P; Nunn, N",
Georgia,"Alesina, A; Giuliano, P; Nunn, N",
Ghana,"Alesina, A; Giuliano, P; Nunn, N",
Greece,"Alesina, A; Giuliano, P; Nunn, N",
Hong Kong SAR,"Alesina, A; Giuliano, P; Nunn, N",
Croatia,"Alesina, A; Giuliano, P; Nunn, N",
Hungary,"Alesina, A; Giuliano, P; Nunn, N",
Indonesia,"Alesina, A; Giuliano, P; Nunn, N",
India,"Alesina, A; Giuliano, P; Nunn, N",
Iran,"Alesina, A; Giuliano, P; Nunn, N",
Iraq,"Alesina, A; Giuliano, P; Nunn, N",
Iceland,"Alesina, A; Giuliano, P; Nunn, N",
Israel,"Alesina, A; Giuliano, P; Nunn, N",
Italy,"Alesina, A; Giuliano, P; Nunn, N",
Jordan,"Alesina, A; Giuliano, P; Nunn, N",
Japan,"Alesina, A; Giuliano, P; Nunn, N",
Kyrgyzstan,"Alesina, A; Giuliano, P; Nunn, N",
South Korea,"Alesina, A; Giuliano, P; Nunn, N",
Lithuania,"Alesina, A; Giuliano, P; Nunn, N",
Luxembourg,"Alesina, A; Giuliano, P; Nunn, N",
Latvia,"Alesina, A; Giuliano, P; Nunn, N",
Moldova,"Alesina, A; Giuliano, P; Nunn, N",
Mexico,"Alesina, A; Giuliano, P; Nunn, N",
North Macedonia,"Alesina, A; Giuliano, P; Nunn, N",
Mali,"Alesina, A; Giuliano, P; Nunn, N",
Malta,"Alesina, A; Giuliano, P; Nunn, N",
Malaysia,"Alesina, A; Giuliano, P; Nunn, N",
Netherlands,"Alesina, A; Giuliano, P; Nunn, N",
New Zealand,"Alesina, A; Giuliano, P; Nunn, N",
Pakistan,"Alesina, A; Giuliano, P; Nunn, N",
Peru,"Alesina, A; Giuliano, P; Nunn, N",
Philippines,"Alesina, A; Giuliano, P; Nunn, N",
Poland,"Alesina, A; Giuliano, P; Nunn, N",
Romania,"Alesina, A; Giuliano, P; Nunn, N",
Russia,"Alesina, A; Giuliano, P; Nunn, N",
Rwanda,"Alesina, A; Giuliano, P; Nunn, N",
Saudi Arabia,"Alesina, A; Giuliano, P; Nunn, N",
El Salvador,"Alesina, A; Giuliano, P; Nunn, N",
Slovakia,"Alesina, A; Giuliano, P; Nunn, N",
Slovenia,"Alesina, A; Giuliano, P; Nunn, N",
Thailand,"Alesina, A; Giuliano, P; Nunn, N",
Trinidad and Tobago,"Alesina, A; Giuliano, P; Nunn, N",
Turkey,"Alesina, A; Giuliano, P; Nunn, N",
Taiwan,"Alesina, A; Giuliano, P; Nunn, N",
Ukraine,"Alesina, A; Giuliano, P; Nunn, N",
Uruguay,"Alesina, A; Giuliano, P; Nunn, N",
United States,"Alesina, A; Giuliano, P; Nunn, N",
Venezuela,"Alesina, A; Giuliano, P; Nunn, N",
Vietnam,"Alesina, A; Giuliano, P; Nunn, N",
Serbia,"Alesina, A; Giuliano, P; Nunn, N",
South Africa,"Alesina, A; Giuliano, P; Nunn, N",
Zambia,"Alesina, A; Giuliano, P; Nunn, N",
Zimbabwe,"Alesina, A; Giuliano, P; Nunn, N",
Argentina,"Alexander, AC",
Australia,"Alexander, AC",
Bangladesha,"Alexander, AC",
Brazil,"Alexander, AC",
Bulgaria,"Alexander, AC",
China,"Alexander, AC",
Colombia,"Alexander, AC",
Finland,"Alexander, AC",
Germany,"Alexander, AC",
India,"Alexander, AC",
Japan,"Alexander, AC",
Mexico,"Alexander, AC",
Moldova,"Alexander, AC",
New Zealand,"Alexander, AC",
Romania,"Alexander, AC",
Russia,"Alexander, AC",
South Africa,"Alexander, AC",
South Korea,"Alexander, AC",
Slovenia,"Alexander, AC",
Spain,"Alexander, AC",
Sweden,"Alexander, AC",
Turkey,"Alexander, AC",
Ukraine,"Alexander, AC",
United States,"Alexander, AC",
Uruguay,"Alexander, AC",
United States,"Amato, PR; Johnson, DR; Booth, A; Rogers, SJ",
Iceland,"Arpino, B; Esping-Andersen, G; Pessin, L",
Romania,"Arpino, B; Esping-Andersen, G; Pessin, L",
Poland,"Arpino, B; Esping-Andersen, G; Pessin, L",
Lithuania,"Arpino, B; Esping-Andersen, G; Pessin, L",
Slovakia,"Arpino, B; Esping-Andersen, G; Pessin, L",
Bulgaria,"Arpino, B; Esping-Andersen, G; Pessin, L",
Czech Republic,"Arpino, B; Esping-Andersen, G; Pessin, L",
Austria,"Arpino, B; Esping-Andersen, G; Pessin, L",
Germany,"Arpino, B; Esping-Andersen, G; Pessin, L",
Italy,"Arpino, B; Esping-Andersen, G; Pessin, L",
Latvia,"Arpino, B; Esping-Andersen, G; Pessin, L",
Portugal,"Arpino, B; Esping-Andersen, G; Pessin, L",
Estonia,"Arpino, B; Esping-Andersen, G; Pessin, L",
Hungary,"Arpino, B; Esping-Andersen, G; Pessin, L",
Spain,"Arpino, B; Esping-Andersen, G; Pessin, L",
Belgium,"Arpino, B; Esping-Andersen, G; Pessin, L",
Slovenia,"Arpino, B; Esping-Andersen, G; Pessin, L",
Ireland,"Arpino, B; Esping-Andersen, G; Pessin, L",
France,"Arpino, B; Esping-Andersen, G; Pessin, L",
United Kingdom,"Arpino, B; Esping-Andersen, G; Pessin, L",
United States,"Arpino, B; Esping-Andersen, G; Pessin, L",
Canada,"Arpino, B; Esping-Andersen, G; Pessin, L",
Finland,"Arpino, B; Esping-Andersen, G; Pessin, L",
Netherlands,"Arpino, B; Esping-Andersen, G; Pessin, L",
Sweden,"Arpino, B; Esping-Andersen, G; Pessin, L",
Denmark,"Arpino, B; Esping-Andersen, G; Pessin, L",
Australia,"Ashkanasy, NM; Trevor-Roberts, E; Earnshaw, L",
Canada,"Ashkanasy, NM; Trevor-Roberts, E; Earnshaw, L",
United Kingdom,"Ashkanasy, NM; Trevor-Roberts, E; Earnshaw, L",
Ireland,"Ashkanasy, NM; Trevor-Roberts, E; Earnshaw, L",
New Zealand,"Ashkanasy, NM; Trevor-Roberts, E; Earnshaw, L",
South Africa,"Ashkanasy, NM; Trevor-Roberts, E; Earnshaw, L",
United States,"Ashkanasy, NM; Trevor-Roberts, E; Earnshaw, L",
Norway,"Batalova, JA; Cohen, PN",
United States,"Batalova, JA; Cohen, PN",
Sweden,"Batalova, JA; Cohen, PN",
Canada,"Batalova, JA; Cohen, PN",
Germany,"Batalova, JA; Cohen, PN",
Israel,"Batalova, JA; Cohen, PN",
New Zealand,"Batalova, JA; Cohen, PN",
United Kingdom,"Batalova, JA; Cohen, PN",
Slovenia,"Batalova, JA; Cohen, PN",
Hungary,"Batalova, JA; Cohen, PN",
Netherlands,"Batalova, JA; Cohen, PN",
Australia,"Batalova, JA; Cohen, PN",
Russia,"Batalova, JA; Cohen, PN",
Bulgaria,"Batalova, JA; Cohen, PN",
Poland,"Batalova, JA; Cohen, PN",
Czech Republic,"Batalova, JA; Cohen, PN",
Austria,"Batalova, JA; Cohen, PN",
Ireland,"Batalova, JA; Cohen, PN",
Italy,"Batalova, JA; Cohen, PN",
Japan,"Batalova, JA; Cohen, PN",
Germany,"Bauernschuster, S; Rainer, H",
United States,"BAXTER, J; KANE, EW",
Canada,"BAXTER, J; KANE, EW",
Australia,"BAXTER, J; KANE, EW",
Norway,"BAXTER, J; KANE, EW",
Sweden,"BAXTER, J; KANE, EW",
Australia,"Beauregard, K",
Australia,"Beauregard, K; Sheppard, J",
United Kingdom,"Begeny, CT; Ryan, MK; Moss-Racusin, CA; Ravetz, G",
Argentina,"Bettinsoli, ML; Suppes, A; Napier, JL",IPSOS Global
Australia,"Bettinsoli, ML; Suppes, A; Napier, JL",IPSOS Global
Belgium,"Bettinsoli, ML; Suppes, A; Napier, JL",IPSOS Global
Brazil,"Bettinsoli, ML; Suppes, A; Napier, JL",IPSOS Global
Canada,"Bettinsoli, ML; Suppes, A; Napier, JL",IPSOS Global
France,"Bettinsoli, ML; Suppes, A; Napier, JL",IPSOS Global
Germany,"Bettinsoli, ML; Suppes, A; Napier, JL",IPSOS Global
United Kingdom,"Bettinsoli, ML; Suppes, A; Napier, JL",IPSOS Global
Hungary,"Bettinsoli, ML; Suppes, A; Napier, JL",IPSOS Global
Italy,"Bettinsoli, ML; Suppes, A; Napier, JL",IPSOS Global
Mexico,"Bettinsoli, ML; Suppes, A; Napier, JL",IPSOS Global
Peru,"Bettinsoli, ML; Suppes, A; Napier, JL",IPSOS Global
Poland,"Bettinsoli, ML; Suppes, A; Napier, JL",IPSOS Global
Spain,"Bettinsoli, ML; Suppes, A; Napier, JL",IPSOS Global
Sweden,"Bettinsoli, ML; Suppes, A; Napier, JL",IPSOS Global
United States,"Bettinsoli, ML; Suppes, A; Napier, JL",IPSOS Global
China,"Bettinsoli, ML; Suppes, A; Napier, JL",IPSOS Global
India,"Bettinsoli, ML; Suppes, A; Napier, JL",IPSOS Global
Japan,"Bettinsoli, ML; Suppes, A; Napier, JL",IPSOS Global
Russia,"Bettinsoli, ML; Suppes, A; Napier, JL",IPSOS Global
South Africa,"Bettinsoli, ML; Suppes, A; Napier, JL",IPSOS Global
South Korea,"Bettinsoli, ML; Suppes, A; Napier, JL",IPSOS Global
Turkey,"Bettinsoli, ML; Suppes, A; Napier, JL",IPSOS Global
China,"Bjarnegård, E; Melander, E",
Indonesia,"Bjarnegård, E; Melander, E",
Japan,"Bjarnegård, E; Melander, E",
South Korea,"Bjarnegård, E; Melander, E",
United States,"Bjarnegård, E; Melander, E",
United States,"Bolzendahl, CI; Myers, DJ",U.S. GSS
United States,"Brooks, C; Bolzendahl, C",U.S. GSS
United States,"Bryant, AN",2000 College Student Survey
United States,"Burns, N; Gallagher, K",Monitoring the Future Study
United Kingdom,"Campbell, R; Childs, S; Lovenduski, J",British Election Study and the British Representation Study
Canada,"Cao, LQ; Lu, RB; Mei, XH",
Austria,"Charles, M; Bradley, K",1994 ISSP
Canada,"Charles, M; Bradley, K",1994 ISSP
Germany,"Charles, M; Bradley, K",1994 ISSP
Ireland,"Charles, M; Bradley, K",1994 ISSP
Italy,"Charles, M; Bradley, K",1994 ISSP
Japan,"Charles, M; Bradley, K",1994 ISSP
New Zealand,"Charles, M; Bradley, K",1994 ISSP
Norway,"Charles, M; Bradley, K",1994 ISSP
Spain,"Charles, M; Bradley, K",1994 ISSP
Sweden,"Charles, M; Bradley, K",1994 ISSP
United Kingdom,"Charles, M; Bradley, K",1994 ISSP
United States,"Charles, M; Bradley, K",1994 ISSP
Andorra,"Chon, DS",WVS 5
Argentina,"Chon, DS",WVS 5
Australia,"Chon, DS",WVS 5
Brazil,"Chon, DS",WVS 5
Bulgaria,"Chon, DS",WVS 5
Burkina Faso,"Chon, DS",WVS 5
Canada,"Chon, DS",WVS 5
Colombia,"Chon, DS",WVS 5
Cyprus,"Chon, DS",WVS 5
Chile,"Chon, DS",WVS 5
China,"Chon, DS",WVS 5
Egypt,"Chon, DS",WVS 5
Ethiopia,"Chon, DS",WVS 5
Finland,"Chon, DS",WVS 5
France,"Chon, DS",WVS 5
Georgia,"Chon, DS",WVS 5
Germany,"Chon, DS",WVS 5
Ghana,"Chon, DS",WVS 5
Guatemala,"Chon, DS",WVS 5
Hong Kong SAR,"Chon, DS",WVS 5
Hungary,"Chon, DS",WVS 5
India,"Chon, DS",WVS 5
Indonesia,"Chon, DS",WVS 5
Iran,"Chon, DS",WVS 5
Iraq,"Chon, DS",WVS 5
Italy,"Chon, DS",WVS 5
Japan,"Chon, DS",WVS 5
Jordan,"Chon, DS",WVS 5
Malaysia,"Chon, DS",WVS 5
Mali,"Chon, DS",WVS 5
Mexico,"Chon, DS",WVS 5
Moldova,"Chon, DS",WVS 5
Morocco,"Chon, DS",WVS 5
Netherlands,"Chon, DS",WVS 5
New Zealand,"Chon, DS",WVS 5
Norway,"Chon, DS",WVS 5
Peru,"Chon, DS",WVS 5
Poland,"Chon, DS",WVS 5
Romania,"Chon, DS",WVS 5
Russia,"Chon, DS",WVS 5
Rwanda,"Chon, DS",WVS 5
Serbia,"Chon, DS",WVS 5
Slovenia,"Chon, DS",WVS 5
South Africa,"Chon, DS",WVS 5
South Korea,"Chon, DS",WVS 5
Spain,"Chon, DS",WVS 5
Sweden,"Chon, DS",WVS 5
Switzerland,"Chon, DS",WVS 5
Taiwan,"Chon, DS",WVS 5
Thailand,"Chon, DS",WVS 5
Trinidad and Tobago,"Chon, DS",WVS 5
Turkey,"Chon, DS",WVS 5
Ukraine,"Chon, DS",WVS 5
United Kingdom,"Chon, DS",WVS 5
United States,"Chon, DS",WVS 5
Uruguay,"Chon, DS",WVS 5
Vietnam,"Chon, DS",WVS 5
Zambia,"Chon, DS",WVS 5
United States,"Corrigall, EA; Konrad, AM",Monitoring the Future Study
United States,"Cotter, D; Hermsen, JM; Vanneman, R",U.S. GSS
Australia,"Craig, L; Mullan, K 2010",Time Use Surveys
United States,"Craig, L; Mullan, K 2010",Time Use Surveys
Italy,"Craig, L; Mullan, K 2010",Time Use Surveys
France,"Craig, L; Mullan, K 2010",Time Use Surveys
Denmark,"Craig, L; Mullan, K 2010",Time Use Surveys
Australia,"Craig, L; Mullan, K 2011",Time Use Surveys
Italy,"Craig, L; Mullan, K 2011",Time Use Surveys
France,"Craig, L; Mullan, K 2011",Time Use Surveys
Denmark,"Craig, L; Mullan, K 2011",Time Use Surveys
United States,"Cunningham, M; Beutel, AM; Barber, JS; Thornton, A",Intergenerational Panel Study of Parents and Children
Belgium,"Devroe, R; Wauters, B",
United States,"Donnelly, K; Twenge, JM; Clark, MA; Shaikh, SK; Beiler-May, A; Carter, NT",U.S. GSS
United States,"Eagly, AH; Nater, C; Miller, DI; Kaufmann, M; Sczesny, S",
United States,"Eagly, AH",
United States,"Fan, PL; Marini, MM",
Australia,"Ferragina, E; Seeleib-Kaiser, M",ISSP
United States,"Ferragina, E; Seeleib-Kaiser, M",ISSP
New Zealand,"Ferragina, E; Seeleib-Kaiser, M",ISSP
Switzerland,"Ferragina, E; Seeleib-Kaiser, M",ISSP
Japan,"Ferragina, E; Seeleib-Kaiser, M",ISSP
Netherlands,"Ferragina, E; Seeleib-Kaiser, M",ISSP
United Kingdom,"Ferragina, E; Seeleib-Kaiser, M",ISSP
Ireland,"Ferragina, E; Seeleib-Kaiser, M",ISSP
Canada,"Ferragina, E; Seeleib-Kaiser, M",ISSP
Belgium,"Ferragina, E; Seeleib-Kaiser, M",ISSP
Denmark,"Ferragina, E; Seeleib-Kaiser, M",ISSP
Italy,"Ferragina, E; Seeleib-Kaiser, M",ISSP
Austria,"Ferragina, E; Seeleib-Kaiser, M",ISSP
Norway,"Ferragina, E; Seeleib-Kaiser, M",ISSP
Germany,"Ferragina, E; Seeleib-Kaiser, M",ISSP
France,"Ferragina, E; Seeleib-Kaiser, M",ISSP
Finland,"Ferragina, E; Seeleib-Kaiser, M",ISSP
Sweden,"Ferragina, E; Seeleib-Kaiser, M",ISSP
Sweden,"Fortin, NM",WVS and EVS
Finland,"Fortin, NM",WVS and EVS
Iceland,"Fortin, NM",WVS and EVS
Norway,"Fortin, NM",WVS and EVS
Denmark,"Fortin, NM",WVS and EVS
Australia,"Fortin, NM",WVS and EVS
Canada,"Fortin, NM",WVS and EVS
United Kingdom,"Fortin, NM",WVS and EVS
United States,"Fortin, NM",WVS and EVS
Austria,"Fortin, NM",WVS and EVS
Belgium,"Fortin, NM",WVS and EVS
France,"Fortin, NM",WVS and EVS
Italy,"Fortin, NM",WVS and EVS
Germany,"Fortin, NM",WVS and EVS
Netherlands,"Fortin, NM",WVS and EVS
Greece,"Fortin, NM",WVS and EVS
Ireland,"Fortin, NM",WVS and EVS
Japan,"Fortin, NM",WVS and EVS
Portugal,"Fortin, NM",WVS and EVS
Spain,"Fortin, NM",WVS and EVS
Switzerland,"Fortin, NM",WVS and EVS
Turkey,"Fortin, NM",WVS and EVS
Czech Republic,"Fortin, NM",WVS and EVS
Hungary,"Fortin, NM",WVS and EVS
Poland,"Fortin, NM",WVS and EVS
Slovakia,"Fortin, NM",WVS and EVS
Poland,"Fuszara, M",WVS
Algeria,"Glas, S; Spierings, N; Scheepers, P",WVS
Bahrain,"Glas, S; Spierings, N; Scheepers, P",WVS
Egypt,"Glas, S; Spierings, N; Scheepers, P",WVS
Iraq,"Glas, S; Spierings, N; Scheepers, P",WVS
Jordan,"Glas, S; Spierings, N; Scheepers, P",WVS
Lebanon,"Glas, S; Spierings, N; Scheepers, P",WVS
Libya,"Glas, S; Spierings, N; Scheepers, P",WVS
Morocco,"Glas, S; Spierings, N; Scheepers, P",WVS
Palestine,"Glas, S; Spierings, N; Scheepers, P",WVS
Saudi Arabia,"Glas, S; Spierings, N; Scheepers, P",WVS
Tunisia,"Glas, S; Spierings, N; Scheepers, P",WVS
Yemen,"Glas, S; Spierings, N; Scheepers, P",WVS
Algeria,"Glas, S; Spierings, N; Lubbers, M; Scheepers, P",WVS and Arab Barometer
Bahrain,"Glas, S; Spierings, N; Lubbers, M; Scheepers, P",WVS and Arab Barometer
Egypt,"Glas, S; Spierings, N; Lubbers, M; Scheepers, P",WVS and Arab Barometer
Iraq,"Glas, S; Spierings, N; Lubbers, M; Scheepers, P",WVS and Arab Barometer
Jordan,"Glas, S; Spierings, N; Lubbers, M; Scheepers, P",WVS and Arab Barometer
Kuwait,"Glas, S; Spierings, N; Lubbers, M; Scheepers, P",WVS and Arab Barometer
Lebanon,"Glas, S; Spierings, N; Lubbers, M; Scheepers, P",WVS and Arab Barometer
Libya,"Glas, S; Spierings, N; Lubbers, M; Scheepers, P",WVS and Arab Barometer
Morocco,"Glas, S; Spierings, N; Lubbers, M; Scheepers, P",WVS and Arab Barometer
Palestine,"Glas, S; Spierings, N; Lubbers, M; Scheepers, P",WVS and Arab Barometer
Saudi Arabia,"Glas, S; Spierings, N; Lubbers, M; Scheepers, P",WVS and Arab Barometer
Sudan,"Glas, S; Spierings, N; Lubbers, M; Scheepers, P",WVS and Arab Barometer
Tunisia,"Glas, S; Spierings, N; Lubbers, M; Scheepers, P",WVS and Arab Barometer
Yemen,"Glas, S; Spierings, N; Lubbers, M; Scheepers, P",WVS and Arab Barometer
Algeria,"Glas, S; Spierings, N",WVS and Arab Barometer
Bahrain,"Glas, S; Spierings, N",WVS and Arab Barometer
Egypt,"Glas, S; Spierings, N",WVS and Arab Barometer
Iraq,"Glas, S; Spierings, N",WVS and Arab Barometer
Jordan,"Glas, S; Spierings, N",WVS and Arab Barometer
Kuwait,"Glas, S; Spierings, N",WVS and Arab Barometer
Lebanon,"Glas, S; Spierings, N",WVS and Arab Barometer
Libya,"Glas, S; Spierings, N",WVS and Arab Barometer
Morocco,"Glas, S; Spierings, N",WVS and Arab Barometer
Palestine,"Glas, S; Spierings, N",WVS and Arab Barometer
Qatar,"Glas, S; Spierings, N",WVS and Arab Barometer
Saudi Arabia,"Glas, S; Spierings, N",WVS and Arab Barometer
Sudan,"Glas, S; Spierings, N",WVS and Arab Barometer
Tunisia,"Glas, S; Spierings, N",WVS and Arab Barometer
Yemen,"Glas, S; Spierings, N",WVS and Arab Barometer
Algeria,"Glas, S; Alexander, A",WVS and Arab Barometer
Bahrain,"Glas, S; Alexander, A",WVS and Arab Barometer
Egypt,"Glas, S; Alexander, A",WVS and Arab Barometer
Iraq,"Glas, S; Alexander, A",WVS and Arab Barometer
Jordan,"Glas, S; Alexander, A",WVS and Arab Barometer
Kuwait,"Glas, S; Alexander, A",WVS and Arab Barometer
Lebanon,"Glas, S; Alexander, A",WVS and Arab Barometer
Libya,"Glas, S; Alexander, A",WVS and Arab Barometer
Morocco,"Glas, S; Alexander, A",WVS and Arab Barometer
Palestine,"Glas, S; Alexander, A",WVS and Arab Barometer
Qatar,"Glas, S; Alexander, A",WVS and Arab Barometer
Saudi Arabia,"Glas, S; Alexander, A",WVS and Arab Barometer
Sudan,"Glas, S; Alexander, A",WVS and Arab Barometer
Tunisia,"Glas, S; Alexander, A",WVS and Arab Barometer
Yemen,"Glas, S; Alexander, A",WVS and Arab Barometer
United States,"Glick, P; Fiske, ST 1997",
Australia,"Glick, P; Fiske, ST 2001",
Belgium,"Glick, P; Fiske, ST 2001",
Botswana,"Glick, P; Fiske, ST 2001",
Brazil,"Glick, P; Fiske, ST 2001",
Chile,"Glick, P; Fiske, ST 2001",
Colombia,"Glick, P; Fiske, ST 2001",
Cuba,"Glick, P; Fiske, ST 2001",
United Kingdom,"Glick, P; Fiske, ST 2001",
Germany,"Glick, P; Fiske, ST 2001",
Japan,"Glick, P; Fiske, ST 2001",
Italy,"Glick, P; Fiske, ST 2001",
Netherlands,"Glick, P; Fiske, ST 2001",
Nigeria,"Glick, P; Fiske, ST 2001",
Portugal,"Glick, P; Fiske, ST 2001",
Spain,"Glick, P; Fiske, ST 2001",
South Africa,"Glick, P; Fiske, ST 2001",
South Korea,"Glick, P; Fiske, ST 2001",
Turkey,"Glick, P; Fiske, ST 2001",
United States,"Glick, P; Fiske, ST 2001",
Netherlands,"Glick, P; Lameiras, M; Fiske, ST; Eckes, T; Masser, B; Volpato, C; Manganelli, AM; Pek, JCX; Huang, LL; Sakalli-Ugurlu, N; Castro, YR; Pereira, MLD; Willemsen, TM; Brunner, A; Six-Materna, I; Wells, R",
Taiwan,"Glick, P; Lameiras, M; Fiske, ST; Eckes, T; Masser, B; Volpato, C; Manganelli, AM; Pek, JCX; Huang, LL; Sakalli-Ugurlu, N; Castro, YR; Pereira, MLD; Willemsen, TM; Brunner, A; Six-Materna, I; Wells, R",
Spain,"Glick, P; Lameiras, M; Fiske, ST; Eckes, T; Masser, B; Volpato, C; Manganelli, AM; Pek, JCX; Huang, LL; Sakalli-Ugurlu, N; Castro, YR; Pereira, MLD; Willemsen, TM; Brunner, A; Six-Materna, I; Wells, R",
Turkey,"Glick, P; Lameiras, M; Fiske, ST; Eckes, T; Masser, B; Volpato, C; Manganelli, AM; Pek, JCX; Huang, LL; Sakalli-Ugurlu, N; Castro, YR; Pereira, MLD; Willemsen, TM; Brunner, A; Six-Materna, I; Wells, R",
Syria,"Glick, P; Lameiras, M; Fiske, ST; Eckes, T; Masser, B; Volpato, C; Manganelli, AM; Pek, JCX; Huang, LL; Sakalli-Ugurlu, N; Castro, YR; Pereira, MLD; Willemsen, TM; Brunner, A; Six-Materna, I; Wells, R",
Germany,"Glick, P; Lameiras, M; Fiske, ST; Eckes, T; Masser, B; Volpato, C; Manganelli, AM; Pek, JCX; Huang, LL; Sakalli-Ugurlu, N; Castro, YR; Pereira, MLD; Willemsen, TM; Brunner, A; Six-Materna, I; Wells, R",
Australia,"Glick, P; Lameiras, M; Fiske, ST; Eckes, T; Masser, B; Volpato, C; Manganelli, AM; Pek, JCX; Huang, LL; Sakalli-Ugurlu, N; Castro, YR; Pereira, MLD; Willemsen, TM; Brunner, A; Six-Materna, I; Wells, R",
Mexico,"Glick, P; Lameiras, M; Fiske, ST; Eckes, T; Masser, B; Volpato, C; Manganelli, AM; Pek, JCX; Huang, LL; Sakalli-Ugurlu, N; Castro, YR; Pereira, MLD; Willemsen, TM; Brunner, A; Six-Materna, I; Wells, R",
Singapore,"Glick, P; Lameiras, M; Fiske, ST; Eckes, T; Masser, B; Volpato, C; Manganelli, AM; Pek, JCX; Huang, LL; Sakalli-Ugurlu, N; Castro, YR; Pereira, MLD; Willemsen, TM; Brunner, A; Six-Materna, I; Wells, R",
Peru,"Glick, P; Lameiras, M; Fiske, ST; Eckes, T; Masser, B; Volpato, C; Manganelli, AM; Pek, JCX; Huang, LL; Sakalli-Ugurlu, N; Castro, YR; Pereira, MLD; Willemsen, TM; Brunner, A; Six-Materna, I; Wells, R",
Italy,"Glick, P; Lameiras, M; Fiske, ST; Eckes, T; Masser, B; Volpato, C; Manganelli, AM; Pek, JCX; Huang, LL; Sakalli-Ugurlu, N; Castro, YR; Pereira, MLD; Willemsen, TM; Brunner, A; Six-Materna, I; Wells, R",
Cuba,"Glick, P; Lameiras, M; Fiske, ST; Eckes, T; Masser, B; Volpato, C; Manganelli, AM; Pek, JCX; Huang, LL; Sakalli-Ugurlu, N; Castro, YR; Pereira, MLD; Willemsen, TM; Brunner, A; Six-Materna, I; Wells, R",
Portugal,"Glick, P; Lameiras, M; Fiske, ST; Eckes, T; Masser, B; Volpato, C; Manganelli, AM; Pek, JCX; Huang, LL; Sakalli-Ugurlu, N; Castro, YR; Pereira, MLD; Willemsen, TM; Brunner, A; Six-Materna, I; Wells, R",
Colombia,"Glick, P; Lameiras, M; Fiske, ST; Eckes, T; Masser, B; Volpato, C; Manganelli, AM; Pek, JCX; Huang, LL; Sakalli-Ugurlu, N; Castro, YR; Pereira, MLD; Willemsen, TM; Brunner, A; Six-Materna, I; Wells, R",
Argentina,"Glick, P; Lameiras, M; Fiske, ST; Eckes, T; Masser, B; Volpato, C; Manganelli, AM; Pek, JCX; Huang, LL; Sakalli-Ugurlu, N; Castro, YR; Pereira, MLD; Willemsen, TM; Brunner, A; Six-Materna, I; Wells, R",
United Kingdom,"Glick, P; Lameiras, M; Fiske, ST; Eckes, T; Masser, B; Volpato, C; Manganelli, AM; Pek, JCX; Huang, LL; Sakalli-Ugurlu, N; Castro, YR; Pereira, MLD; Willemsen, TM; Brunner, A; Six-Materna, I; Wells, R",
Czech Republic,"Grunow, D; Begall, K; Buchler, S",
Poland,"Grunow, D; Begall, K; Buchler, S",
Germany,"Grunow, D; Begall, K; Buchler, S",
Switzerland,"Grunow, D; Begall, K; Buchler, S",
Italy,"Grunow, D; Begall, K; Buchler, S",
Spain,"Grunow, D; Begall, K; Buchler, S",
Netherlands,"Grunow, D; Begall, K; Buchler, S",
Sweden,"Grunow, D; Begall, K; Buchler, S",
New Zealand,"Haar, JM; Russo, M; Suñe, A; Ollier-Malaterre, A",
Spain,"Haar, JM; Russo, M; Suñe, A; Ollier-Malaterre, A",
France,"Haar, JM; Russo, M; Suñe, A; Ollier-Malaterre, A",
Italy,"Haar, JM; Russo, M; Suñe, A; Ollier-Malaterre, A",
Malaysia,"Haar, JM; Russo, M; Suñe, A; Ollier-Malaterre, A",
China,"Haar, JM; Russo, M; Suñe, A; Ollier-Malaterre, A",
Denmark,"Hald, GM; Malamuth, NN; Lange, T",
China,"Hannum, E; Kong, P; Zhang, YP",
United States,"Harris, RJ; Firestone, JM",U.S. GSS
United States,"Hentschel, T; Heilman, ME; Peus, CV",
United States,"Hicks, GR; Lee, TT",2000 ANES
Mexico,"Htun, M; Jensenius, FR",ENDIREH surveys
Albania,"Inglehart, R; Norris, P; Welzel, C",WVS
Argentina,"Inglehart, R; Norris, P; Welzel, C",WVS
Armenia,"Inglehart, R; Norris, P; Welzel, C",WVS
Australia,"Inglehart, R; Norris, P; Welzel, C",WVS
Azerbaijan,"Inglehart, R; Norris, P; Welzel, C",WVS
Bangladesh,"Inglehart, R; Norris, P; Welzel, C",WVS
Belarus,"Inglehart, R; Norris, P; Welzel, C",WVS
Bosnia,"Inglehart, R; Norris, P; Welzel, C",WVS
Brazil,"Inglehart, R; Norris, P; Welzel, C",WVS
Bulgaria,"Inglehart, R; Norris, P; Welzel, C",WVS
Colombia,"Inglehart, R; Norris, P; Welzel, C",WVS
Colombia,"Inglehart, R; Norris, P; Welzel, C",WVS
Croatia,"Inglehart, R; Norris, P; Welzel, C",WVS
Czech Republic,"Inglehart, R; Norris, P; Welzel, C",WVS
Chile,"Inglehart, R; Norris, P; Welzel, C",WVS
China,"Inglehart, R; Norris, P; Welzel, C",WVS
Dominican Republic,"Inglehart, R; Norris, P; Welzel, C",WVS
El Salvador,"Inglehart, R; Norris, P; Welzel, C",WVS
Estonia,"Inglehart, R; Norris, P; Welzel, C",WVS
Finland,"Inglehart, R; Norris, P; Welzel, C",WVS
Georgia,"Inglehart, R; Norris, P; Welzel, C",WVS
Germany,"Inglehart, R; Norris, P; Welzel, C",WVS
Hungary,"Inglehart, R; Norris, P; Welzel, C",WVS
India,"Inglehart, R; Norris, P; Welzel, C",WVS
Japan,"Inglehart, R; Norris, P; Welzel, C",WVS
Latvia,"Inglehart, R; Norris, P; Welzel, C",WVS
Lithuania,"Inglehart, R; Norris, P; Welzel, C",WVS
Mexico,"Inglehart, R; Norris, P; Welzel, C",WVS
Moldova,"Inglehart, R; Norris, P; Welzel, C",WVS
Montenegro,"Inglehart, R; Norris, P; Welzel, C",WVS
New Zealand,"Inglehart, R; Norris, P; Welzel, C",WVS
Nigeria,"Inglehart, R; Norris, P; Welzel, C",WVS
North Macedonia,"Inglehart, R; Norris, P; Welzel, C",WVS
Norway,"Inglehart, R; Norris, P; Welzel, C",WVS
Pakistan,"Inglehart, R; Norris, P; Welzel, C",WVS
Peru,"Inglehart, R; Norris, P; Welzel, C",WVS
Philippines,"Inglehart, R; Norris, P; Welzel, C",WVS
Poland,"Inglehart, R; Norris, P; Welzel, C",WVS
Puerto Rico,"Inglehart, R; Norris, P; Welzel, C",WVS
Romania,"Inglehart, R; Norris, P; Welzel, C",WVS
Russia,"Inglehart, R; Norris, P; Welzel, C",WVS
Serbia,"Inglehart, R; Norris, P; Welzel, C",WVS
Slovakia,"Inglehart, R; Norris, P; Welzel, C",WVS
Slovenia,"Inglehart, R; Norris, P; Welzel, C",WVS
South Africa,"Inglehart, R; Norris, P; Welzel, C",WVS
South Korea,"Inglehart, R; Norris, P; Welzel, C",WVS
Spain,"Inglehart, R; Norris, P; Welzel, C",WVS
Sweden,"Inglehart, R; Norris, P; Welzel, C",WVS
Switzerland,"Inglehart, R; Norris, P; Welzel, C",WVS
Taiwan,"Inglehart, R; Norris, P; Welzel, C",WVS
Turkey,"Inglehart, R; Norris, P; Welzel, C",WVS
Ukraine,"Inglehart, R; Norris, P; Welzel, C",WVS
United Kingdom,"Inglehart, R; Norris, P; Welzel, C",WVS
United States,"Inglehart, R; Norris, P; Welzel, C",WVS
Uruguay,"Inglehart, R; Norris, P; Welzel, C",WVS
Venezuela,"Inglehart, R; Norris, P; Welzel, C",WVS
Norway,"Jakobsson, N; Kotsadam, A; Jakobsson, SS",
Sweden,"Jakobsson, N; Kotsadam, A; Jakobsson, SS",
India,"Jejeebhoy, SJ",
United States,"Jennings, MK",
United States,"Joy, S; Kolb, DA",
Italy,"Joy, S; Kolb, DA",
Germany,"Joy, S; Kolb, DA",
Poland,"Joy, S; Kolb, DA",
Brazil,"Joy, S; Kolb, DA",
India,"Joy, S; Kolb, DA",
Singapore,"Joy, S; Kolb, DA",
Japan,"Kage, R; Rosenbluth, FM; Tanaka, S",
United States,"Kaufman, G",
United States,"Kaufmann, KM",ANES
Slovakia,"Knight, CR; Brinton, MC",
Estonia,"Knight, CR; Brinton, MC",
Czech Republic,"Knight, CR; Brinton, MC",
Poland,"Knight, CR; Brinton, MC",
Hungary,"Knight, CR; Brinton, MC",
Iceland,"Knight, CR; Brinton, MC",
Belgium,"Knight, CR; Brinton, MC",
France,"Knight, CR; Brinton, MC",
Germany,"Knight, CR; Brinton, MC",
Italy,"Knight, CR; Brinton, MC",
Netherlands,"Knight, CR; Brinton, MC",
Spain,"Knight, CR; Brinton, MC",
United Kingdom,"Knight, CR; Brinton, MC",
Denmark,"Knight, CR; Brinton, MC",
Slovenia,"Knight, CR; Brinton, MC",
Portugal,"Knight, CR; Brinton, MC",
Finland,"Knight, CR; Brinton, MC",
United Kingdom,"Knudsen, K; Wærness, K",
Sweden,"Knudsen, K; Wærness, K",
Norway,"Knudsen, K; Wærness, K",
United States,"Kroska, A; Elman, C",
Austria,"Laumann, EO; Paik, A; Glasser, DB; Kang, JH; Wang, TF; Levinson, B; Moreira, ED; Nicolosi, A; Gingell, C",Global Study of Sexual Attitudes and Behaviors
Spain,"Laumann, EO; Paik, A; Glasser, DB; Kang, JH; Wang, TF; Levinson, B; Moreira, ED; Nicolosi, A; Gingell, C",Global Study of Sexual Attitudes and Behaviors
Australia,"Laumann, EO; Paik, A; Glasser, DB; Kang, JH; Wang, TF; Levinson, B; Moreira, ED; Nicolosi, A; Gingell, C",Global Study of Sexual Attitudes and Behaviors
Belgium,"Laumann, EO; Paik, A; Glasser, DB; Kang, JH; Wang, TF; Levinson, B; Moreira, ED; Nicolosi, A; Gingell, C",Global Study of Sexual Attitudes and Behaviors
Canada,"Laumann, EO; Paik, A; Glasser, DB; Kang, JH; Wang, TF; Levinson, B; Moreira, ED; Nicolosi, A; Gingell, C",Global Study of Sexual Attitudes and Behaviors
United States,"Laumann, EO; Paik, A; Glasser, DB; Kang, JH; Wang, TF; Levinson, B; Moreira, ED; Nicolosi, A; Gingell, C",Global Study of Sexual Attitudes and Behaviors
Sweden,"Laumann, EO; Paik, A; Glasser, DB; Kang, JH; Wang, TF; Levinson, B; Moreira, ED; Nicolosi, A; Gingell, C",Global Study of Sexual Attitudes and Behaviors
Germany,"Laumann, EO; Paik, A; Glasser, DB; Kang, JH; Wang, TF; Levinson, B; Moreira, ED; Nicolosi, A; Gingell, C",Global Study of Sexual Attitudes and Behaviors
United Kingdom,"Laumann, EO; Paik, A; Glasser, DB; Kang, JH; Wang, TF; Levinson, B; Moreira, ED; Nicolosi, A; Gingell, C",Global Study of Sexual Attitudes and Behaviors
New Zealand,"Laumann, EO; Paik, A; Glasser, DB; Kang, JH; Wang, TF; Levinson, B; Moreira, ED; Nicolosi, A; Gingell, C",Global Study of Sexual Attitudes and Behaviors
France,"Laumann, EO; Paik, A; Glasser, DB; Kang, JH; Wang, TF; Levinson, B; Moreira, ED; Nicolosi, A; Gingell, C",Global Study of Sexual Attitudes and Behaviors
South Africa,"Laumann, EO; Paik, A; Glasser, DB; Kang, JH; Wang, TF; Levinson, B; Moreira, ED; Nicolosi, A; Gingell, C",Global Study of Sexual Attitudes and Behaviors
Mexico,"Laumann, EO; Paik, A; Glasser, DB; Kang, JH; Wang, TF; Levinson, B; Moreira, ED; Nicolosi, A; Gingell, C",Global Study of Sexual Attitudes and Behaviors
Japan,"Laumann, EO; Paik, A; Glasser, DB; Kang, JH; Wang, TF; Levinson, B; Moreira, ED; Nicolosi, A; Gingell, C",Global Study of Sexual Attitudes and Behaviors
Taiwan,"Laumann, EO; Paik, A; Glasser, DB; Kang, JH; Wang, TF; Levinson, B; Moreira, ED; Nicolosi, A; Gingell, C",Global Study of Sexual Attitudes and Behaviors
China,"Laumann, EO; Paik, A; Glasser, DB; Kang, JH; Wang, TF; Levinson, B; Moreira, ED; Nicolosi, A; Gingell, C",Global Study of Sexual Attitudes and Behaviors
Indonesia,"Laumann, EO; Paik, A; Glasser, DB; Kang, JH; Wang, TF; Levinson, B; Moreira, ED; Nicolosi, A; Gingell, C",Global Study of Sexual Attitudes and Behaviors
Italy,"Laumann, EO; Paik, A; Glasser, DB; Kang, JH; Wang, TF; Levinson, B; Moreira, ED; Nicolosi, A; Gingell, C",Global Study of Sexual Attitudes and Behaviors
Turkey,"Laumann, EO; Paik, A; Glasser, DB; Kang, JH; Wang, TF; Levinson, B; Moreira, ED; Nicolosi, A; Gingell, C",Global Study of Sexual Attitudes and Behaviors
Brazil,"Laumann, EO; Paik, A; Glasser, DB; Kang, JH; Wang, TF; Levinson, B; Moreira, ED; Nicolosi, A; Gingell, C",Global Study of Sexual Attitudes and Behaviors
Morocco,"Laumann, EO; Paik, A; Glasser, DB; Kang, JH; Wang, TF; Levinson, B; Moreira, ED; Nicolosi, A; Gingell, C",Global Study of Sexual Attitudes and Behaviors
Israel,"Laumann, EO; Paik, A; Glasser, DB; Kang, JH; Wang, TF; Levinson, B; Moreira, ED; Nicolosi, A; Gingell, C",Global Study of Sexual Attitudes and Behaviors
South Korea,"Laumann, EO; Paik, A; Glasser, DB; Kang, JH; Wang, TF; Levinson, B; Moreira, ED; Nicolosi, A; Gingell, C",Global Study of Sexual Attitudes and Behaviors
Malaysia,"Laumann, EO; Paik, A; Glasser, DB; Kang, JH; Wang, TF; Levinson, B; Moreira, ED; Nicolosi, A; Gingell, C",Global Study of Sexual Attitudes and Behaviors
Philippines,"Laumann, EO; Paik, A; Glasser, DB; Kang, JH; Wang, TF; Levinson, B; Moreira, ED; Nicolosi, A; Gingell, C",Global Study of Sexual Attitudes and Behaviors
Singapore,"Laumann, EO; Paik, A; Glasser, DB; Kang, JH; Wang, TF; Levinson, B; Moreira, ED; Nicolosi, A; Gingell, C",Global Study of Sexual Attitudes and Behaviors
Algeria,"Laumann, EO; Paik, A; Glasser, DB; Kang, JH; Wang, TF; Levinson, B; Moreira, ED; Nicolosi, A; Gingell, C",Global Study of Sexual Attitudes and Behaviors
Egypt,"Laumann, EO; Paik, A; Glasser, DB; Kang, JH; Wang, TF; Levinson, B; Moreira, ED; Nicolosi, A; Gingell, C",Global Study of Sexual Attitudes and Behaviors
United States,"Lee, T; Hosam, C",
United States,"Livingston, BA; Judge, TA",
Australia,"Lyness, KS; Judiesch, MK",
Canada,"Lyness, KS; Judiesch, MK",
Ireland,"Lyness, KS; Judiesch, MK",
New Zealand,"Lyness, KS; Judiesch, MK",
South Africa,"Lyness, KS; Judiesch, MK",
United Kingdom,"Lyness, KS; Judiesch, MK",
United States,"Lyness, KS; Judiesch, MK",
Hong Kong SAR,"Lyness, KS; Judiesch, MK",
Japan,"Lyness, KS; Judiesch, MK",
China,"Lyness, KS; Judiesch, MK",
Singapore,"Lyness, KS; Judiesch, MK",
South Korea,"Lyness, KS; Judiesch, MK",
Greece,"Lyness, KS; Judiesch, MK",
Poland,"Lyness, KS; Judiesch, MK",
Russia,"Lyness, KS; Judiesch, MK",
Germany,"Lyness, KS; Judiesch, MK",
Netherlands,"Lyness, KS; Judiesch, MK",
Switzerland,"Lyness, KS; Judiesch, MK",
Argentina,"Lyness, KS; Judiesch, MK",
Brazil,"Lyness, KS; Judiesch, MK",
Mexico,"Lyness, KS; Judiesch, MK",
Venezuela,"Lyness, KS; Judiesch, MK",
France,"Lyness, KS; Judiesch, MK",
Italy,"Lyness, KS; Judiesch, MK",
Portugal,"Lyness, KS; Judiesch, MK",
Spain,"Lyness, KS; Judiesch, MK",
Egypt,"Lyness, KS; Judiesch, MK",
Turkey,"Lyness, KS; Judiesch, MK",
Denmark,"Lyness, KS; Judiesch, MK",
Finland,"Lyness, KS; Judiesch, MK",
Sweden,"Lyness, KS; Judiesch, MK",
India,"Lyness, KS; Judiesch, MK",
Indonesia,"Lyness, KS; Judiesch, MK",
Malaysia,"Lyness, KS; Judiesch, MK",
Philippines,"Lyness, KS; Judiesch, MK",
Thailand ,"Lyness, KS; Judiesch, MK",
United States,"Marks, JL; Lam, CB; McHale, SM",
United States,"Mason, KO; Lu, YH",U.S. GSS
Andorra,"Minkov, M",
Argentina,"Minkov, M",
Australia,"Minkov, M",
Brazil,"Minkov, M",
Bulgaria,"Minkov, M",
Burkina Faso,"Minkov, M",
Canada,"Minkov, M",
Colombia,"Minkov, M",
Cyprus,"Minkov, M",
Chile,"Minkov, M",
China,"Minkov, M",
Egypt,"Minkov, M",
Ethiopia,"Minkov, M",
Finland,"Minkov, M",
France,"Minkov, M",
Georgia,"Minkov, M",
Germany,"Minkov, M",
Ghana,"Minkov, M",
Guatemala,"Minkov, M",
Hong Kong SAR,"Minkov, M",
Hungary,"Minkov, M",
India,"Minkov, M",
Indonesia,"Minkov, M",
Iran,"Minkov, M",
Iraq,"Minkov, M",
Italy,"Minkov, M",
Japan,"Minkov, M",
Jordan,"Minkov, M",
Malaysia,"Minkov, M",
Mali,"Minkov, M",
Mexico,"Minkov, M",
Moldova,"Minkov, M",
Morocco,"Minkov, M",
Netherlands,"Minkov, M",
New Zealand,"Minkov, M",
Norway,"Minkov, M",
Peru,"Minkov, M",
Poland,"Minkov, M",
Romania,"Minkov, M",
Russia,"Minkov, M",
Rwanda,"Minkov, M",
Serbia,"Minkov, M",
Slovenia,"Minkov, M",
South Africa,"Minkov, M",
South Korea,"Minkov, M",
Spain,"Minkov, M",
Sweden,"Minkov, M",
Switzerland,"Minkov, M",
Taiwan,"Minkov, M",
Thailand,"Minkov, M",
Trinidad and Tobago,"Minkov, M",
Turkey,"Minkov, M",
Ukraine,"Minkov, M",
United Kingdom,"Minkov, M",
United States,"Minkov, M",
Uruguay,"Minkov, M",
Vietnam,"Minkov, M",
Zambia,"Minkov, M",
France,"Möhring, K; Teney, C",
Belgium,"Möhring, K; Teney, C",
Netherlands,"Möhring, K; Teney, C",
Germany,"Möhring, K; Teney, C",
Italy,"Möhring, K; Teney, C",
Luxembourg,"Möhring, K; Teney, C",
Denmark,"Möhring, K; Teney, C",
Ireland,"Möhring, K; Teney, C",
Greece,"Möhring, K; Teney, C",
Spain,"Möhring, K; Teney, C",
Portugal,"Möhring, K; Teney, C",
Finland,"Möhring, K; Teney, C",
Sweden,"Möhring, K; Teney, C",
Austria,"Möhring, K; Teney, C",
Cyprus,"Möhring, K; Teney, C",
Czech Republic,"Möhring, K; Teney, C",
Estonia,"Möhring, K; Teney, C",
Hungary,"Möhring, K; Teney, C",
Latvia,"Möhring, K; Teney, C",
Lithuania,"Möhring, K; Teney, C",
Malta,"Möhring, K; Teney, C",
Poland,"Möhring, K; Teney, C",
Slovakia,"Möhring, K; Teney, C",
Slovenia,"Möhring, K; Teney, C",
Bulgaria,"Möhring, K; Teney, C",
Romania,"Möhring, K; Teney, C",
United Kingdom,"Möhring, K; Teney, C",
Bolivia,"Morgan, J; Buice, M",Amb
Peru,"Morgan, J; Buice, M",Amb
Ecuador,"Morgan, J; Buice, M",Amb
Nicaragua,"Morgan, J; Buice, M",Amb
Costa Rica,"Morgan, J; Buice, M",Amb
Mexico,"Morgan, J; Buice, M",Amb
Uruguay,"Morgan, J; Buice, M",Amb
Guatemala,"Morgan, J; Buice, M",Amb
Honduras,"Morgan, J; Buice, M",Amb
Belize,"Morgan, J; Buice, M",Amb
Brazil,"Morgan, J; Buice, M",Amb
El Salvador,"Morgan, J; Buice, M",Amb
Paraguay,"Morgan, J; Buice, M",Amb
Panama,"Morgan, J; Buice, M",Amb
Colombia,"Morgan, J; Buice, M",Amb
Haiti,"Morgan, J; Buice, M",Amb
Jamaica,"Morgan, J; Buice, M",Amb
Dominican Republic,"Morgan, J; Buice, M",Amb
Guyana,"Morgan, J; Buice, M",Amb
Germany,"Nitsche, N; Grunow, D",
United States,"Norton, AT; Herek, GM",
Australia,"Paxton, P; Kunovich, S",
United Kingdom,"Paxton, P; Kunovich, S",
Spain,"Paxton, P; Kunovich, S",
Switzerland,"Paxton, P; Kunovich, S",
United States,"Paxton, P; Kunovich, S",
Germany,"Paxton, P; Kunovich, S",
Finland,"Paxton, P; Kunovich, S",
Norway,"Paxton, P; Kunovich, S",
Sweden,"Paxton, P; Kunovich, S",
Bosnia,"Paxton, P; Kunovich, S",
Bulgaria,"Paxton, P; Kunovich, S",
Croatia,"Paxton, P; Kunovich, S",
North Macedonia,"Paxton, P; Kunovich, S",
Poland,"Paxton, P; Kunovich, S",
Serbia,"Paxton, P; Kunovich, S",
Slovenia,"Paxton, P; Kunovich, S",
Armenia,"Paxton, P; Kunovich, S",
Azerbaijan,"Paxton, P; Kunovich, S",
Belarus,"Paxton, P; Kunovich, S",
Estonia,"Paxton, P; Kunovich, S",
Georgia,"Paxton, P; Kunovich, S",
Latvia,"Paxton, P; Kunovich, S",
Lithuania,"Paxton, P; Kunovich, S",
Moldova,"Paxton, P; Kunovich, S",
Russia,"Paxton, P; Kunovich, S",
Ukraine,"Paxton, P; Kunovich, S",
Argentina,"Paxton, P; Kunovich, S",
Brazil,"Paxton, P; Kunovich, S",
Chile,"Paxton, P; Kunovich, S",
Colombia,"Paxton, P; Kunovich, S",
Dominican Republic,"Paxton, P; Kunovich, S",
Mexico,"Paxton, P; Kunovich, S",
Peru,"Paxton, P; Kunovich, S",
Uruguay,"Paxton, P; Kunovich, S",
Venezuela,"Paxton, P; Kunovich, S",
Bangladesh,"Paxton, P; Kunovich, S",
China,"Paxton, P; Kunovich, S",
India,"Paxton, P; Kunovich, S",
Japan,"Paxton, P; Kunovich, S",
Pakistan,"Paxton, P; Kunovich, S",
Philippines,"Paxton, P; Kunovich, S",
South Korea,"Paxton, P; Kunovich, S",
Turkey,"Paxton, P; Kunovich, S",
Nigeria,"Paxton, P; Kunovich, S",
South Africa,"Paxton, P; Kunovich, S",
United States,"Pedulla, DS; Thébaud, S",
Brazil,"Pereira, FB; Porto, NFF",
United States,"Reichelt, M; Makovi, K; Sargsyan, A",
Germany,"Reichelt, M; Makovi, K; Sargsyan, A",
Singapore,"Reichelt, M; Makovi, K; Sargsyan, A",
Egypt,"Rizzo, H; Abdel-Latif, AH; Meyer, K",
Algeria,"Rizzo, H; Abdel-Latif, AH; Meyer, K",
Morocco,"Rizzo, H; Abdel-Latif, AH; Meyer, K",
Saudi Arabia,"Rizzo, H; Abdel-Latif, AH; Meyer, K",
Jordan,"Rizzo, H; Abdel-Latif, AH; Meyer, K",
Turkey,"Rizzo, H; Abdel-Latif, AH; Meyer, K",
Iran,"Rizzo, H; Abdel-Latif, AH; Meyer, K",
Bangladesh,"Rizzo, H; Abdel-Latif, AH; Meyer, K",
Pakistan,"Rizzo, H; Abdel-Latif, AH; Meyer, K",
Nigeria,"Rizzo, H; Abdel-Latif, AH; Meyer, K",
Indonesia,"Rizzo, H; Abdel-Latif, AH; Meyer, K",
Bulgaria,"Röder, A; Mühlau, P",ESS
Czech Republic,"Röder, A; Mühlau, P",ESS
Estonia,"Röder, A; Mühlau, P",ESS
Hungary,"Röder, A; Mühlau, P",ESS
Latvia,"Röder, A; Mühlau, P",ESS
Poland,"Röder, A; Mühlau, P",ESS
Romania,"Röder, A; Mühlau, P",ESS
Slovenia,"Röder, A; Mühlau, P",ESS
Slovakia,"Röder, A; Mühlau, P",ESS
Iceland,"Röder, A; Mühlau, P",ESS
Norway,"Röder, A; Mühlau, P",ESS
Switzerland,"Röder, A; Mühlau, P",ESS
Austria,"Röder, A; Mühlau, P",ESS
Belgium,"Röder, A; Mühlau, P",ESS
Germany,"Röder, A; Mühlau, P",ESS
Denmark,"Röder, A; Mühlau, P",ESS
Spain,"Röder, A; Mühlau, P",ESS
Finland,"Röder, A; Mühlau, P",ESS
France,"Röder, A; Mühlau, P",ESS
United Kingdom,"Röder, A; Mühlau, P",ESS
Greece,"Röder, A; Mühlau, P",ESS
Ireland,"Röder, A; Mühlau, P",ESS
Italy,"Röder, A; Mühlau, P",ESS
Luxembourg,"Röder, A; Mühlau, P",ESS
Latvia,"Röder, A; Mühlau, P",ESS
Netherlands,"Röder, A; Mühlau, P",ESS
Portugal,"Röder, A; Mühlau, P",ESS
Sweden,"Röder, A; Mühlau, P",ESS
United States,"Sapiro, V; Conover, PJ",ESS
United States,"Scarborough, WJ; Pepin, JR; Lambouths, DL; Kwon, R; Monasterio, R",U.S. GSS
United States,"Scarborough, WJ; Sin, R; Risman, B",U.S. GSS
United Kingdom,"Schober, PS",British Household Panel Survey 
United Kingdom,"Schoon, I; Cheng, H; Gale, CR; Batty, GD; Deary, IJ",
United States,"Sears, DO; Henry, PJ",
United States,"Sharrow, EA; Rhodes, JH; Nteta, TM; Greenlee, JS",CCES
Australia,"Shu, XL",
Russia,"Sidanius, J; Levin, S; Liu, J; Pratto, F",
United States,"Sidanius, J; Levin, S; Liu, J; Pratto, F",
Israel,"Sidanius, J; Levin, S; Liu, J; Pratto, F",
Palestine,"Sidanius, J; Levin, S; Liu, J; Pratto, F",
China,"Sidanius, J; Levin, S; Liu, J; Pratto, F",
New Zealand,"Sidanius, J; Levin, S; Liu, J; Pratto, F",
Denmark,"Skewes, L; Fine, C; Haslam, N",
Australia,"Skewes, L; Fine, C; Haslam, N",
Panama,"Smith, AE; Warming, K; Hennings, VM",2012 Amb
United States,"Smith, AE; Warming, K; Hennings, VM",2012 Amb
El Salvador,"Smith, AE; Warming, K; Hennings, VM",2012 Amb
Guatemala,"Smith, AE; Warming, K; Hennings, VM",2012 Amb
Uruguay,"Smith, AE; Warming, K; Hennings, VM",2012 Amb
Argentina,"Smith, AE; Warming, K; Hennings, VM",2012 Amb
Costa Rica,"Smith, AE; Warming, K; Hennings, VM",2012 Amb
Suriname,"Smith, AE; Warming, K; Hennings, VM",2012 Amb
Jamaica,"Smith, AE; Warming, K; Hennings, VM",2012 Amb
Belize,"Smith, AE; Warming, K; Hennings, VM",2012 Amb
Haiti,"Smith, AE; Warming, K; Hennings, VM",2012 Amb
Brazil,"Smith, AE; Warming, K; Hennings, VM",2012 Amb
Honduras,"Smith, AE; Warming, K; Hennings, VM",2012 Amb
Chile,"Smith, AE; Warming, K; Hennings, VM",2012 Amb
Trinidad and Tobago,"Smith, AE; Warming, K; Hennings, VM",2012 Amb
Nicaragua,"Smith, AE; Warming, K; Hennings, VM",2012 Amb
Ecuador,"Smith, AE; Warming, K; Hennings, VM",2012 Amb
Venezuela,"Smith, AE; Warming, K; Hennings, VM",2012 Amb
Guyana,"Smith, AE; Warming, K; Hennings, VM",2012 Amb
Bolivia,"Smith, AE; Warming, K; Hennings, VM",2012 Amb
Mexico,"Smith, AE; Warming, K; Hennings, VM",2012 Amb
Paraguay,"Smith, AE; Warming, K; Hennings, VM",2012 Amb
Colombia,"Smith, AE; Warming, K; Hennings, VM",2012 Amb
Peru,"Smith, AE; Warming, K; Hennings, VM",2012 Amb
Dominican Republic,"Smith, AE; Warming, K; Hennings, VM",2012 Amb
United States,"Spence, JT; Hahn, ED",
Belgium,"Spierings, N; Zaslove, A",
France,"Spierings, N; Zaslove, A",
Norway,"Spierings, N; Zaslove, A",
Switzerland,"Spierings, N; Zaslove, A",
Sweden,"Spierings, N; Zaslove, A",
Denmark,"Spierings, N; Zaslove, A",
Netherlands,"Spierings, N; Zaslove, A",
United States,"Terkildsen, N; Schnell, F",
Morocco,"Teti, A; Abbott, P; Cavatorta, F",
Tunisia,"Teti, A; Abbott, P; Cavatorta, F",
Egypt,"Teti, A; Abbott, P; Cavatorta, F",
Jordan,"Teti, A; Abbott, P; Cavatorta, F",
United States,"Thornton, A; Young-DeMarco, L",
Austria,"Treas, J; Tai, T",2012 ISSP
Bulgaria,"Treas, J; Tai, T",2012 ISSP
Croatia,"Treas, J; Tai, T",2012 ISSP
Czech Republic,"Treas, J; Tai, T",2012 ISSP
Denmark,"Treas, J; Tai, T",2012 ISSP
Finland,"Treas, J; Tai, T",2012 ISSP
France,"Treas, J; Tai, T",2012 ISSP
Germany,"Treas, J; Tai, T",2012 ISSP
United Kingdom,"Treas, J; Tai, T",2012 ISSP
Iceland,"Treas, J; Tai, T",2012 ISSP
Ireland,"Treas, J; Tai, T",2012 ISSP
Latvia,"Treas, J; Tai, T",2012 ISSP
Lithuania,"Treas, J; Tai, T",2012 ISSP
Norway,"Treas, J; Tai, T",2012 ISSP
Poland,"Treas, J; Tai, T",2012 ISSP
Slovakia,"Treas, J; Tai, T",2012 ISSP
Slovenia,"Treas, J; Tai, T",2012 ISSP
Sweden,"Treas, J; Tai, T",2012 ISSP
Switzerland,"Treas, J; Tai, T",2012 ISSP
United States,"Vespa, J",
Romania,"Voicu, M; Tufis, PA",
United States,"Wilcox, WB; Nock, SL",National Survey of Families and Households
United States,"WILKIE, JR",U.S. GSS
United States,"Wood, R; Ramirez, MD",
United States,"Yoder, JD; Tobias, A; Snell, AF",