party,state,name,letra,type,fem,n,year
 Ind,,María del Rocío Zazueta Osuna (aún no redactado),a,smd,1,1,2015
,,,,,,,2015
MC,Segunda,Claudia Corichi García,a,pr,1,1,2015
MC,Tercera,Dalia María Rocha Ladrón de Guevara (aún no redactado),a,pr,1,2,2015
MC,Primera,Ma. Victoria Mercado Sánchez (aún no redactado),a,pr,1,3,2015
MC,Cuarta,Marbella Toledo Ibarra (aún no redactado),a,pr,1,4,2015
MC,,María Candelaria Ochoa Ávalos,a,smd,1,5,2015
MC,,Mirza Flores Gómez (aún no redactado),a,smd,1,6,2015
MC,,Rosa Alba Ramírez Nachis (aún no redactado),a,smd,1,7,2015
MC,,Verónica Bermúdez Torres (aún no redactado),a,smd,1,8,2015
MC,Quinta,Angie Denisse Hauffen Torres (aún no redactado),e,pr,1,9,2015
MC,Primera,Clemente Castañeda Hoeflich,e,pr,,10,2015
MC,Primera,Jorge Álvarez Máynez,e,pr,,11,2015
MC,,José Nuño Guzmán (aún no redactado),é,smd,,12,2015
MC,Cuarta,René Cervera García,é,pr,,13,2015
MC,Cuarta,Adán Pérez Utrera (aún no redactado),n,pr,,14,2015
MC,,Germán Ernesto Ralis Cumplido (aún no redactado),n,smd,,15,2015
MC,Segunda,Gustavo Cárdenas Gutiérrez,o,pr,,16,2015
MC,,Macedonio Salomón Támez Guajardo (aún no redactado),o,smd,,17,2015
MC,Primera,Refugio Trinidad Garzón Canchola (aún no redactado),o,pr,1,18,2015
MC,,Salvador Zamora Zamora,r,smd,,19,2015
MC,,Víctor Manuel Sánchez Orozco (aún no redactado),r,smd,,20,2015
MC,,Luis Ernesto Munguía González,s,smd,,21,2015
MC,Primera,Moisés Guerra Mota (aún no redactado),s,pr,,22,2015
,,,,,,,2015
Morena,,Alicia Barrientos Pantoja (aún no redactado),a,smd,1,1,2015
Morena,Quinta,Alma América Rivera Tavizón (aún no redactado),a,pr,1,2,2015
Morena,,Ana Leticia Carrera Hernández (aún no redactado),a,smd,1,3,2015
Morena,,Ariadna Montiel Reyes,a,smd,1,4,2015
Morena,Cuarta,Blanca Margarita Cuata Domínguez (aún no redactado),a,pr,1,5,2015
Morena,Cuarta,Blandina Ramos Ramírez (aún no redactado),a,pr,1,6,2015
Morena,,Ernestina Godoy Ramos,a,smd,1,7,2015
Morena,Cuarta,Irma Rebeca López López (aún no redactado),a,pr,1,8,2015
Morena,,Justina del Carmen Luna Pérez (aún no redactado),a,smd,1,9,2015
Morena,Tercera,Karina Barón Ortiz (aún no redactado),a,pr,1,10,2015
Morena,,Magdalena Moreno Vega (aún no redactado),a,smd,1,11,2015
Morena,Primera,María Antonia Cárdenas Mariscal,a,pr,1,12,2015
Morena,,María Chávez García (aún no redactado),a,smd,1,13,2015
Morena,Tercera,Modesta Fuentes Alonso (aún no redactado),a,pr,1,14,2015
Morena,,Norma Xochitl Hernández Colin (aún no redactado),a,smd,1,15,2015
Morena,,Paola Félix Díaz,a,smd,1,16,2015
Morena,,Patricia Elena Aceves Pastrana,a,smd,1,17,2015
Morena,Tercera,Guadalupe Hernández Correa (aún no redactado),e,pr,1,18,2015
Morena,Tercera,Jorge Tello López (aún no redactado),e,pr,,19,2015
Morena,,Araceli Damián González,i,smd,1,20,2015
Morena,Cuarta,Ángel Antonio Hernández de la Peña (aún no redactado),l,pr,,21,2015
Morena,Cuarta,Miguel Alva y Alva (aún no redactado),l,pr,,22,2015
Morena,,Otniel García Navarro (aún no redactado),l,smd,,23,2015
Morena,,Vidal Llerenas Morales,l,smd,,24,2015
Morena,Quinta,Concepción Villa González (aún no redactado),n,pr,1,25,2015
Morena,,Juan Romero Tenorio (aún no redactado),n,smd,,26,2015
Morena,,Alberto Martínez Urincho (aún no redactado),o,smd,,27,2015
Morena,Segunda,Alfredo Basurto Román (aún no redactado),o,pr,,28,2015
Morena,Tercera,Guillermo Rafael Santiago Rodríguez,o,pr,,29,2015
Morena,Segunda,Mariano Trejo Flores (aún no redactado),o,pr,,30,2015
Morena,Tercera,Mario David Mex Albornoz (aún no redactado),o,pr,,31,2015
Morena,,Renato Jobafat Molina Arias (aún no redactado),o,smd,,32,2015
Morena,,Ricardo López Priego (aún no redactado),o,smd,,33,2015
Morena,Primera,Roberto Alejandro Cañedo Jiménez (aún no redactado),o,pr,,34,2015
Morena,Cuarta,Roberto Guzmán Jacobo (aún no redactado),o,pr,,35,2015
Morena,Cuarta,Rodrigo Abdalá Dartigues (aún no redactado),o,pr,,36,2015
Morena,,Sergio René Cancino Barffuson (aún no redactado),o,smd,,37,2015
Morena,,Virgilio Caballero Pedraza,o,smd,,38,2015
Morena,,Héctor Javier García Chávez (aún no redactado),r,smd,,39,2015
Morena,,Carlos Hernández Mirón (aún no redactado),s,smd,,40,2015
Morena,Primera,Carlos Lomelí Bolaños,s,pr,,41,2015
Morena,,Jesús Emiliano Álvarez López (aún no redactado),s,smd,,42,2015
Morena,Quinta,Jesús Serrano Lora (aún no redactado),s,pr,,43,2015
Morena,Cuarta,Jesús Valencia Guzmán (aún no redactado),s,pr,,44,2015
,Cuarta,,,pr,,,2015
,,,,,,,2015
Nueva alianza,Quinta,Angélica Reyes Ávila (aún no redactado),a,pr,1,1,2015
Nueva alianza,Tercera,Karina Sánchez Ruiz (aún no redactado),a,pr,1,2,2015
Nueva alianza,Cuarta,María Eugenia Ocampo Bedolla (aún no redactado),a,pr,1,3,2015
Nueva alianza,Primera,María Luisa Gutiérrez Santoyo (aún no redactado),a,pr,1,4,2015
Nueva alianza,Segunda,Soralla Bañuelos de la Torre (aún no redactado),a,pr,1,5,2015
Nueva alianza,Cuarta,José Bernardo Quezada Salas (aún no redactado),é,pr,,6,2015
Nueva alianza,,Ángel García Yáñez,l,smd,,7,2015
Nueva alianza,Tercera,Manuel Alexander Zetina Aguiluz (aún no redactado),l,pr,,8,2015
Nueva alianza,Quinta,Francisco Javier Pinto Torres (aún no redactado),o,pr,,9,2015
Nueva alianza,Segunda,Jesús Rafael Méndez Salas (aún no redactado),s,pr,,10,2015
Nueva alianza,Primera,Luis Alfredo Valles Mendoza (aún no redactado),s,pr,,11,2015
,,,,,,,2015
PAN,,Adriana Elizarraraz Sandoval (aún no redactado),a,smd,1,1,2015
PAN,,Alba María Milán Silva (aún no redactado),a,smd,1,2,2015
PAN,,Alejandra Gutiérrez Campos,a,smd,1,3,2015
PAN,Segunda,Alejandra Iturbe Rosas (aún no redactado),a,pr,1,4,2015
PAN,,Alejandra Reynoso Sánchez,a,smd,1,5,2015
PAN,Segunda,Brenda Velázquez Valdez (aún no redactado),a,pr,1,6,2015
PAN,Cuarta,Cecilia Romero Castillo,a,pr,1,7,2015
PAN,Quinta,Claudia Sánchez Juárez (aún no redactado),a,pr,1,8,2015
PAN,Primera,Cristina Jiménez Márquez (aún no redactado),a,pr,1,9,2015
PAN,,Eloísa Chavarrías Barajas (aún no redactado),a,smd,1,10,2015
PAN,Segunda,Elva Lidia Valles Olvera (aún no redactado),a,pr,1,11,2015
PAN,Cuarta,Emma Margarita Alemán Olvera (aún no redactado),a,pr,1,12,2015
PAN,,Gabriela Ramírez Ramos (aún no redactado),a,smd,1,13,2015
PAN,,Genoveva Huerta Villegas (aún no redactado),a,smd,1,14,2015
PAN,,Jisela Paes Martínez (aún no redactado),a,smd,1,15,2015
PAN,,Karina Padilla Ávila (aún no redactado),a,smd,1,16,2015
PAN,Segunda,Karla Karina Osuna Carranco (aún no redactado),a,pr,1,17,2015
PAN,Tercera,Kathia María Bolio Pinelo (aún no redactado),a,pr,1,18,2015
PAN,,Leticia Amparano Gámez (aún no redactado),a,smd,1,19,2015
PAN,,Lilia Arminda García Escobar (aún no redactado),a,smd,1,20,2015
PAN,Segunda,Lorena del Carmen Alfaro García (aún no redactado),a,pr,1,21,2015
PAN,,María de los Ángeles Rodríguez Aguirre (aún no redactado),a,smd,1,22,2015
PAN,Primera,María Eloísa Talavera Hernández,a,pr,1,23,2015
PAN,,María Luisa Sánchez Meza (aún no redactado),a,smd,1,24,2015
PAN,Segunda,María Olimpia Zapata Padilla (aún no redactado),a,pr,1,25,2015
PAN,Primera,María Olivia Picazo Olmos (aún no redactado),a,pr,1,26,2015
PAN,,María Verónica Agundis Estrada (aún no redactado),a,smd,1,27,2015
PAN,Primera,Mariana Arámbula Meléndez (aún no redactado),a,pr,1,28,2015
PAN,Quinta,Minerva Hernández Ramos,a,pr,1,29,2015
PAN,Cuarta,Mónica Rodríguez Della Vecchia (aún no redactado),a,pr,1,30,2015
PAN,Primera,Nadia Haydeé Vega Olivas (aún no redactado),a,pr,1,31,2015
PAN,Segunda,Patricia García García (aún no redactado),a,pr,1,32,2015
PAN,Tercera,Patricia Sánchez Carrillo (aún no redactado),a,pr,1,33,2015
PAN,Primera,Teresa de Jesús Lizárraga Figueroa (aún no redactado),a,pr,1,34,2015
PAN,,Ximena Tamariz García (aún no redactado),a,smd,1,35,2015
PAN,Cuarta,Eukid Castañón Herrera,d,pr,,36,2015
PAN,,Ingrid Schemelensky Castro,d,smd,1,37,2015
PAN,,Arlete Ivette Muñoz Cervantes (aún no redactado),e,smd,,38,2015
PAN,Tercera,Enrique Cambranis Torres (aún no redactado),e,pr,,39,2015
PAN,Tercera,Enrique Pérez Rodríguez (aún no redactado),e,pr,,40,2015
PAN,Cuarta,Guadalupe González Suástegui (aún no redactado),e,pr,1,41,2015
PAN,,Jackie Nava (aún no redactado),e,smd,1,42,2015
PAN,,Jaime Mauricio Rojas Silva (aún no redactado),e,smd,,43,2015
PAN,Tercera,Janette Ovando Reazola (aún no redactado),e,pr,1,44,2015
PAN,,Jorge López Martín (aún no redactado),e,smd,,45,2015
PAN,Cuarta,Jorge Roldán Pérez (aún no redactado),e,pr,,46,2015
PAN,,Jorge Triana Tena,e,smd,,47,2015
PAN,,José Adrián González Navarro (aún no redactado),é,smd,,48,2015
PAN,Quinta,José Antonio Salas Valencia (aún no redactado),é,pr,,49,2015
PAN,,José Armando Jasso Silva,é,smd,,50,2015
PAN,,José Eduardo Ojeda Guerrero (aún no redactado),é,smd,,51,2015
PAN,,José Everardo López Córdova (aún no redactado),é,smd,,52,2015
PAN,Primera,José Hernán Cortés Berumen (aún no redactado),é,pr,,53,2015
PAN,Primera,José Teodoro Barraza López (aún no redactado),é,pr,,54,2015
PAN,,René Mandujano Tinajero (aún no redactado),é,smd,,55,2015
PAN,,J. Apolinar Casillas Gutiérrez (aún no redactado),J,smd,,56,2015
PAN,Quinta,Gretel Culin Jaime,l,pr,,57,2015
PAN,Segunda,Leonel Gerardo Cordero Lerma (aún no redactado),l,pr,,58,2015
PAN,Quinta,Marisol Vargas Bárcena (aún no redactado),l,pr,1,59,2015
PAN,,Miguel Ángel Huepa Pérez (aún no redactado),l,smd,,60,2015
PAN,Segunda,Miguel Ángel Salim Alle (aún no redactado),l,pr,,61,2015
PAN,Primera,Rafael Valenzuela Armas (aún no redactado),l,pr,,62,2015
PAN,,Adrián Gutiérrez Morales (aún no redactado),n,smd,,63,2015
PAN,,Allan Michel León Aguirre (aún no redactado),n,smd,,64,2015
PAN,,Christian Alejandro Carrillo Fregoso (aún no redactado),n,smd,,65,2015
PAN,,Exaltación González Ceceña (aún no redactado),n,smd,,66,2015
PAN,Tercera,Joaquín Díaz Mena,n,pr,,67,2015
PAN,,Juan Blanco Zaldívar,n,smd,,68,2015
PAN,,Juan Carlos Ruiz García (aún no redactado),n,smd,,69,2015
PAN,,Juan Luis de Anda Mata (aún no redactado),n,smd,,70,2015
PAN,,Juan Pablo Piña Kurczyn (aún no redactado),n,smd,,71,2015
PAN,,Román Francisco Cortés Lugo (aún no redactado),n,smd,,72,2015
PAN,,Rubén Garrido Muñoz (aún no redactado),n,smd,1,73,2015
PAN,Segunda,Alfredo Javier Rodríguez Dávila (aún no redactado),o,pr,,74,2015
PAN,Primera,Alfredo Miguel Herrera Deras (aún no redactado),o,pr,,75,2015
PAN,Segunda,Armando Alejandro Rivera Castillejos (aún no redactado),o,pr,,76,2015
PAN,,Eduardo Nava Bolaños,o,smd,,77,2015
PAN,,Francisco José Gutiérrez de Velasco Urtaza (aún no redactado),o,smd,,78,2015
PAN,,Gerardo Federico Salas Díaz (aún no redactado),o,smd,,79,2015
PAN,,Gerardo Gabriel Cuanalo Santos (aún no redactado),o,smd,,80,2015
PAN,Primera,Herminio Corral Estrada (aún no redactado),o,pr,,81,2015
PAN,,Hugo Alejo Domínguez (aún no redactado),o,smd,,82,2015
PAN,Cuarta,Jacobo Soto Pizano (aún no redactado),o,pr,,83,2015
PAN,Segunda,Marco Antonio Gama Basarte,o,pr,,84,2015
PAN,Quinta,Marko Cortés Mendoza,o,pr,,85,2015
PAN,,Máximo García López,o,smd,,86,2015
PAN,,Rocío Matesanz Santamaría (aún no redactado),o,smd,1,87,2015
PAN,,Rosario Rodríguez Rubio,o,smd,1,88,2015
PAN,Cuarta,Santiago Taboada Cortina,o,pr,,89,2015
PAN,,Sergio Emilio Gómez Olivier (aún no redactado),o,smd,,90,2015
PAN,,Wenceslao Martínez Santos (aún no redactado),o,smd,,91,2015
PAN,Segunda,Baltazar Martínez Montemayor (aún no redactado),r,pr,,92,2015
PAN,Segunda,César Augusto Rendón García,r,pr,,93,2015
PAN,Segunda,César Flores Sosa (aún no redactado),r,pr,,94,2015
PAN,,Héctor Barrera Marmolejo (aún no redactado),r,smd,,95,2015
PAN,,Javier Antonio Neblina Vega (aún no redactado),r,smd,,96,2015
PAN,,Javier Bolaños Aguilar,r,smd,,97,2015
PAN,,Óscar Daniel Hernández Morales (aún no redactado),r,smd,,98,2015
PAN,,Víctor Ernesto Ibarra Montoya (aún no redactado),r,smd,,99,2015
PAN,Quinta,Carlos Bello Otero (aún no redactado),s,pr,,100,2015
PAN,,Carlos de la Fuente Flores,s,smd,,101,2015
PAN,,Elías Octavio Íñiguez Mejía (aún no redactado),s,smd,,102,2015
PAN,Primera,Luis Agustín Rodríguez Torres (aún no redactado),s,pr,,103,2015
PAN,Tercera,Luis de León Martínez Sánchez (aún no redactado),s,pr,,104,2015
PAN,Quinta,Luis Fernando Antero Valle,s,pr,,105,2015
PAN,Primera,Luis Fernando Mesta Soulé (aún no redactado),s,pr,,106,2015
PAN,Quinta,Ulises Ramírez Núñez (aún no redactado),s,pr,,107,2015
PAN,Tercera,Nelly del Carmen Márquez Zapata (aún no redactado),y,pr,1,108,2015
PAN,,Luz Argelia Paniagua,z,smd,1,109,2015
,,,,,,,2015
PES,Quinta,Ana Guadalupe Perea Santos (aún no redactado),a,pr,1,1,2015
PES,Primera,Cynthia Gissel García Soberanes,a,pr,1,2,2015
PES,Cuarta,Melissa Torres Sandoval (aún no redactado),a,pr,1,3,2015
PES,Primera,Norma Edith Martínez Guzmán (aún no redactado),a,pr,1,4,2015
PES,Primera,José Alfredo Ferreiro Velazco (aún no redactado),é,pr,,5,2015
PES,Quinta,Abel Cruz (aún no redactado),l,pr,,6,2015
PES,Tercera,Gonzalo Guizar Valladares (aún no redactado),o,pr,,7,2015
PES,Cuarta,Justo Federico Escobedo Miramontes (aún no redactado),o,pr,,8,2015
PES,Segunda,Abdies Pineda Morín (aún no redactado),s,pr,,9,2015
,,,,,,,2015
PRD,Cuarta,Cecilia Soto,a,pr,1,1,2015
PRD,Cuarta,Cristina Ismene Gaytán Hernández (aún no redactado),a,pr,1,2,2015
PRD,Cuarta,Dimna Guadalupe Salgado Apatiga (aún no redactado),a,pr,1,3,2015
PRD,,Erika Irazema Briones Pérez (aún no redactado),a,smd,1,4,2015
PRD,,Eva Florinda Cruz Molina (aún no redactado),a,smd,1,5,2015
PRD,Primera,Hortensia Aragón Castillo,a,pr,1,6,2015
PRD,Tercera,Isaura Ivanova Pool Pech (aún no redactado),a,pr,1,7,2015
PRD,,Lucía Meza Guzmán,a,smd,1,8,2015
PRD,Quinta,María Elida Castelán Mondragón (aún no redactado),a,pr,1,9,2015
PRD,Quinta,María Luisa Beltrán Reyes (aún no redactado),a,pr,1,10,2015
PRD,Cuarta,Maricela Contreras Julián,a,pr,1,11,2015
PRD,,Martha Laura Almaraz Domínguez (aún no redactado),a,smd,1,12,2015
PRD,Segunda,Tania Victoria Arguijo Herrera (aún no redactado),a,pr,1,13,2015
PRD,,David Gerson García Calderón (aún no redactado),d,smd,,14,2015
PRD,Quinta,David Jiménez Rumbo,d,pr,,15,2015
PRD,Tercera,Felipe Reyes Álvarez (aún no redactado),e,pr,,16,2015
PRD,Primera,Guadalupe Acosta Naranjo,e,pr,1,17,2015
PRD,,José Antonio Estefan Garfias,é,smd,,18,2015
PRD,,José Carlos Camacho Díaz (aún no redactado),é,smd,,19,2015
PRD,,José Santiago López (aún no redactado),é,smd,,20,2015
PRD,,Araceli Madrigal Sánchez (aún no redactado),i,smd,1,21,2015
PRD,,Araceli Saucedo Reyes (aún no redactado),i,smd,1,22,2015
PRD,,Erick Arturo Figueroa Ovando (aún no redactado),k,smd,,23,2015
PRD,,Erik Juárez Blanquet,k,smd,,24,2015
PRD,,Ángel II Alanís Pedraza (aún no redactado),l,smd,,25,2015
PRD,,Daniel Ordóñez Hernández (aún no redactado),l,smd,,26,2015
PRD,Quinta,Fidel Calderón Torreblanca (aún no redactado),l,pr,,27,2015
PRD,,Marisol Ayala Ambrosio (aún no redactado),l,smd,1,28,2015
PRD,Quinta,Miriam Tinoco Soto (aún no redactado),m,pr,1,29,2015
PRD,Segunda,Agustín Basave Benítez,n,pr,,30,2015
PRD,,Evelyn Parra Álvarez,n,smd,1,31,2015
PRD,Cuarta,Juan Fernando Rubio Quiroz (aún no redactado),n,pr,,32,2015
PRD,Quinta,Karen Hurtado Arana (aún no redactado),n,pr,1,33,2015
PRD,Tercera,Karen Orney Ramírez Peralta (aún no redactado),n,pr,1,34,2015
PRD,,Armando Soto Espino (aún no redactado),o,smd,,35,2015
PRD,,Arturo Santana Alfaro (aún no redactado),o,smd,,36,2015
PRD,Tercera,Candelario Pérez Alvarado (aún no redactado),o,pr,,37,2015
PRD,,Elio Bocanegra Ruiz (aún no redactado),o,smd,,38,2015
PRD,,Francisco Martínez Neri,o,smd,,39,2015
PRD,,Jerónimo Alejandro Ojeda Anguiano (aún no redactado),o,smd,,40,2015
PRD,Tercera,Julio Saldaña Morán (aún no redactado),o,pr,,41,2015
PRD,,Leonardo Amador Rodríguez,o,smd,,42,2015
PRD,,Norberto Antonio Martínez Soto (aún no redactado),o,smd,,43,2015
PRD,,Ricardo Ángel Barrientos Ríos (aún no redactado),o,smd,,44,2015
PRD,,Sergio López Sánchez (aún no redactado),o,smd,,45,2015
PRD,Segunda,Waldo Fernández (aún no redactado),o,pr,,46,2015
PRD,,Héctor Peralta Grappin (aún no redactado),r,smd,,47,2015
PRD,Quinta,Omar Ortega Álvarez (aún no redactado),r,pr,,48,2015
PRD,,Óscar Ferrer Abalos (aún no redactado),r,smd,,49,2015
PRD,Cuarta,Jesús Zambrano Grijalva,s,pr,,50,2015
PRD,Quinta,Luis Jorge Mayorga Godínez (aún no redactado),s,pr,,51,2015
PRD,Cuarta,Luis Maldonado Venegas,s,pr,,52,2015
PRD,Quinta,Tomás Octaviano Félix (aún no redactado),s,pr,,53,2015
,,,,,,,2015
PRI,Tercera,Adriana del Pilar Ortiz Lanz,a,pr,1,1,2015
PRI,,Adriana Terrazas Porras,a,smd,1,2,2015
PRI,,Alicia Guadalupe Gamboa Martínez,a,smd,1,3,2015
PRI,,Ana María Boone Godoy,a,smd,1,4,2015
PRI,Segunda,Bárbara Botello Santibáñez (aún no redactado),a,pr,1,5,2015
PRI,Primera,Brenda Borunda Espinoza (aún no redactado),a,pr,1,6,2015
PRI,,Carolina Monroy del Mazo,a,smd,1,7,2015
PRI,,Carolina Viggiano Austria,a,smd,1,8,2015
PRI,,Claudia Beltrán Salas (aún no redactado),a,smd,1,9,2015
PRI,,Cristina Sánchez Coronel (aún no redactado),a,smd,1,10,2015
PRI,Quinta,Erika Araceli Rodríguez Hernández (aún no redactado),a,pr,1,11,2015
PRI,,Erika Lorena Arroyo Bello (aún no redactado),a,smd,1,12,2015
PRI,Primera,Esthela Ponce Beltrán,a,pr,1,13,2015
PRI,Cuarta,Georgina Adriana Pulido García (aún no redactado),a,pr,1,14,2015
PRI,Tercera,Georgina Trujillo Zentella,a,pr,1,15,2015
PRI,,Georgina Zapata Lucero,a,smd,1,16,2015
PRI,,Gloria Himelda Félix Niebla,a,smd,1,17,2015
PRI,,Idania Itzel García Salgado (aún no redactado),a,smd,1,18,2015
PRI,,Juana Aurora Cavazos Cavazos (aún no redactado),a,smd,1,19,2015
PRI,,Julieta Fernández Márquez (aún no redactado),a,smd,1,20,2015
PRI,Segunda,Laura Angélica Herrera Márquez (aún no redactado),a,pr,1,21,2015
PRI,,Laura Beatriz Hernández Tapia (aún no redactado),a,smd,1,22,2015
PRI,,Laura Mitzi Barrientos Cano (aún no redactado),a,smd,1,23,2015
PRI,,Laura Nereida Plascencia Pacheco (aún no redactado),a,smd,1,24,2015
PRI,,Laura Valeria Guzmán Vázquez (aún no redactado),a,smd,1,25,2015
PRI,,Liliana Ivete Madrigal Méndez (aún no redactado),a,smd,1,26,2015
PRI,Quinta,María Angélica Mondragón Orozco (aún no redactado),a,pr,1,27,2015
PRI,,María del Rocío Rebollo Mendoza (aún no redactado),a,smd,1,28,2015
PRI,,María Esther Camargo Félix,a,smd,1,29,2015
PRI,Cuarta,María Esther Scherman,a,pr,1,30,2015
PRI,,María Eugenia Rojas González (aún no redactado),a,smd,1,31,2015
PRI,,María Gloria Hernández Madrid,a,smd,1,32,2015
PRI,,María Guadalupe Oyervides Valdez (aún no redactado),a,smd,1,33,2015
PRI,,María Isabel Maya Pineda,a,smd,1,34,2015
PRI,,María Monserrath Sobreyra Santos,a,smd,1,35,2015
PRI,,María Soledad Sandoval Martínez (aún no redactado),a,smd,1,36,2015
PRI,,María Teresa Sánchez Ruiz Esparza (aún no redactado),a,smd,1,37,2015
PRI,Tercera,Mariana Benítez Tiburcio,a,pr,1,38,2015
PRI,Segunda,Maricela Emilse Etcheverry Aranda,a,pr,1,39,2015
PRI,,Maricela Serrano Hernández (aún no redactado),a,smd,1,40,2015
PRI,Primera,Martha Julisa Bojórquez Castillo (aún no redactado),a,pr,1,41,2015
PRI,,Martha Lorena Covarrubias Anaya (aún no redactado),a,smd,1,42,2015
PRI,Primera,Martha Sofía Tamayo Morales (aún no redactado),a,pr,1,43,2015
PRI,,Mrgarita Huerta García (aún no redactado),a,smd,1,44,2015
PRI,Quinta,Nora Liliana Oropeza Olguín (aún no redactado),a,pr,1,45,2015
PRI,,Norma Cecilia Reyes Guerrero (aún no redactado),a,smd,1,46,2015
PRI,,Paola Jiménez Hernández (aún no redactado),a,smd,1,47,2015
PRI,,Patricia Elizabeth Ramírez Mata (aún no redactado),a,smd,1,48,2015
PRI,,Perla Pérez Reyes (aún no redactado),a,smd,1,49,2015
PRI,,Rosa Elena Millán Bueno (aún no redactado),a,smd,1,50,2015
PRI,,Rosa Haydee González González (aún no redactado),a,smd,1,51,2015
PRI,,Rosalba Santiago Escobar (aún no redactado),a,smd,1,52,2015
PRI,,Rosalina Mazari Espín (aún no redactado),a,smd,1,53,2015
PRI,,Rosalinda Muñoz Sánchez (aún no redactado),a,smd,1,54,2015
PRI,,Sandra Méndez Hernández,a,smd,1,55,2015
PRI,Tercera,Sara Latife Ruiz Chávez,a,pr,1,56,2015
PRI,,Silvia Rivera Carbajal (aún no redactado),a,smd,1,57,2015
PRI,,Sofía del Sagrario de León Maza (aún no redactado),a,smd,1,58,2015
PRI,,Susana Osorno Belmont,a,smd,1,59,2015
PRI,,Verónica Muñoz Parra (aún no redactado),a,smd,1,60,2015
PRI,,Xitlalic Ceja García (aún no redactado),c,smd,1,61,2015
PRI,Tercera,David Aguilar Robles (aún no redactado),d,pr,,62,2015
PRI,Primera,David López Gutiérrez,d,pr,,63,2015
PRI,,David Mercado Ruiz (aún no redactado),d,smd,,64,2015
PRI,Segunda,Denisse Ibarra,e,pr,1,65,2015
PRI,Quinta,Dulce María Montes Salas (aún no redactado),e,pr,1,66,2015
PRI,Primera,Enrique Jackson,e,pr,,67,2015
PRI,,Enrique Rojas Orozco (aún no redactado),e,smd,,68,2015
PRI,,Felipe Cervera Hernández (aún no redactado),e,smd,,69,2015
PRI,Quinta,Guadalupe Alcántara Rojas,e,pr,1,70,2015
PRI,,Guadalupe Chávez Acosta (aún no redactado),e,smd,1,71,2015
PRI,Tercera,Ivonne Ortega Pacheco,e,pr,1,72,2015
PRI,,Jasmine María Bugarín Rodríguez (aún no redactado),e,smd,1,73,2015
PRI,Tercera,Jorge Carlos Ramírez Marín,e,pr,,74,2015
PRI,,Jorge Carvallo Delfín,e,smd,,75,2015
PRI,Segunda,Jorge Enrique Dávila Flores (aún no redactado),e,pr,,76,2015
PRI,,Jorge Estefan Chidiac,e,smd,,77,2015
PRI,,José del Pilar Córdova Hernández (aún no redactado),é,smd,,78,2015
PRI,,José Filiberto Flores Elizondo (aún no redactado),é,smd,,79,2015
PRI,,José Hugo Cabrera Ruiz (aún no redactado),é,smd,,80,2015
PRI,,José Luis Baeza Rojas (aún no redactado),é,smd,,81,2015
PRI,,José Luis Cardozo Estévez (aún no redactado),é,smd,,82,2015
PRI,,José Luis Orozco Sánchez Aldana (aún no redactado),é,smd,,83,2015
PRI,,José Luis Sáenz Soto (aún no redactado),é,smd,,84,2015
PRI,,José Luis Velázquez González (aún no redactado),é,smd,,85,2015
PRI,,José Roberto Ramírez Urban (aún no redactado),é,smd,,86,2015
PRI,,Edith Anabel Alvarado Varela (aún no redactado),h,smd,1,87,2015
PRI,,Edith Villa Trujillo (aún no redactado),h,smd,1,88,2015
PRI,,Edith Yolanda López Velasco (aún no redactado),h,smd,1,89,2015
PRI,,Elizabeth Hernández Calderón (aún no redactado),h,smd,1,90,2015
PRI,,Ruth Noemí Tiscareño Agoitia (aún no redactado),h,smd,1,91,2015
PRI,,Yarith Tanno Cruz (aún no redactado),h,smd,1,92,2015
PRI,,Araceli Guerrero Esquivel (aún no redactado),i,smd,1,93,2015
PRI,,Heidi Salazar Espinosa (aún no redactado),i,smd,1,94,2015
PRI,,Leydi Fabiola Leyva García (aún no redactado),i,smd,1,95,2015
PRI,,Noemí Guzmán Lagunes,í,smd,1,96,2015
PRI,,Erick Lagos Hernández (aún no redactado),k,smd,,97,2015
PRI,,Tarek Abdalá Saad,k,smd,,98,2015
PRI,,Abel Murrieta Gutiérrez,l,smd,,99,2015
PRI,,Ariel Burgos Ochoa (aún no redactado),l,smd,,100,2015
PRI,,Fidel Almanza Monroy (aún no redactado),l,smd,,101,2015
PRI,,Fidel Kuri Grajales,l,smd,,102,2015
PRI,Cuarta,Manuel Vallejo Barragán (aún no redactado),l,pr,,103,2015
PRI,,Miguel Ángel González Salum (aún no redactado),l,smd,,104,2015
PRI,,Miguel Ángel Piña Garibay (aún no redactado),l,smd,,105,2015
PRI,,Miguel Ángel Sulub Caamal (aún no redactado),l,smd,,106,2015
PRI,,Rafael Arturo Balcázar Narro (aún no redactado),l,smd,,107,2015
PRI,Primera,Rafael Yerena Zambrano (aún no redactado),l,pr,,108,2015
PRI,,Samuel Alexis Chacón Morales (aún no redactado),l,smd,,109,2015
PRI,,Yahleel Abdala,l,smd,1,110,2015
PRI,,Aarón González Rojas (aún no redactado),n,smd,,111,2015
PRI,Cuarta,Carmen Salinas,n,pr,1,112,2015
PRI,,Christian Joaquín Sánchez Sánchez (aún no redactado),n,smd,,113,2015
PRI,,Efraín Arellano Núñez (aún no redactado),n,smd,,114,2015
PRI,,Germán Escobar Manjarrez (aún no redactado),n,smd,,115,2015
PRI,,Hernán de Jesús Orantes López (aún no redactado),n,smd,,116,2015
PRI,,Juan Antonio Meléndez Ortega (aún no redactado),n,smd,,117,2015
PRI,,Julián Nazar Morales (aún no redactado),n,smd,,118,2015
PRI,,Lillián Zepahua García (aún no redactado),n,smd,1,119,2015
PRI,,Ramón Bañales Arambula (aún no redactado),n,smd,,120,2015
PRI,,Ramón Villagómez Guerrero (aún no redactado),n,smd,,121,2015
PRI,,Salomón Fernando Rosales Reyes (aún no redactado),n,smd,,122,2015
PRI,,Salomón Majul González,n,smd,,123,2015
PRI,Quinta,Tristán Canales,n,pr,,124,2015
PRI,,Adolfo Mota Hernández,o,smd,,125,2015
PRI,,Alberto Silva Ramos,o,smd,,126,2015
PRI,,Alejandro Domínguez Domínguez,o,smd,,127,2015
PRI,,Alejandro Juraidini Villaseñor (aún no redactado),o,smd,,128,2015
PRI,,Alfredo Bejos Nicolás (aún no redactado),o,smd,,129,2015
PRI,Segunda,Álvaro Ibarra Hinojosa (aún no redactado),o,pr,,130,2015
PRI,,Álvaro Rafael Rubio (aún no redactado),o,smd,,131,2015
PRI,,Antonio Amaro Cancino (aún no redactado),o,smd,,132,2015
PRI,,Armando Luna Canales (aún no redactado),o,smd,,133,2015
PRI,,Bernardino Antelo Esper (aún no redactado),o,smd,,134,2015
PRI,Segunda,Braulio Mario Guerra Urbiola (aún no redactado),o,pr,,135,2015
PRI,,Cándido Coheto Martínez (aún no redactado),o,smd,,136,2015
PRI,,Edgardo Melhem Salinas,o,smd,,137,2015
PRI,,Eduardo Herrera Calixto (aún no redactado),o,smd,,138,2015
PRI,,Evelio Plata Inzunza (aún no redactado),o,smd,,139,2015
PRI,,Federico Vargas Rodríguez (aún no redactado),o,smd,,140,2015
PRI,,Fernando Castro Ventura (aún no redactado),o,smd,,141,2015
PRI,Cuarta,Fernando Navarrete Pérez (aún no redactado),o,pr,,142,2015
PRI,,Fernando Quetzalcóatl Moctezuma Perereda (aún no redactado),o,smd,,143,2015
PRI,,Fernando Uriarte Zazueta (aún no redactado),o,smd,,144,2015
PRI,,Francisco Escobedo Villegas (aún no redactado),o,smd,,145,2015
PRI,Primera,Francisco Javier Santillán Oceguera (aún no redactado),o,pr,,146,2015
PRI,,Francisco Rojas San Román,o,smd,,147,2015
PRI,,Francisco Saracho Navarro (aún no redactado),o,smd,,148,2015
PRI,,Hugo Daniel Gaeta Esparza (aún no redactado),o,smd,,149,2015
PRI,,Ignacio Pichardo Lechuga,o,smd,,150,2015
PRI,,Leobardo Soto Enríquez (aún no redactado),o,smd,,151,2015
PRI,,Leopoldo Juárez Colorado (aún no redactado),o,smd,,152,2015
PRI,,Liborio Vidal Aguilar,o,smd,,153,2015
PRI,,Marco Antonio Aguilar Yunes (aún no redactado),o,smd,,154,2015
PRI,Primera,Marco Antonio García Ayala (aún no redactado),o,pr,,155,2015
PRI,,Mario Alberto Mata Quintero (aún no redactado),o,smd,,156,2015
PRI,Tercera,Oswaldo Guillermo Cházaro Montalvo (aún no redactado),o,pr,,157,2015
PRI,,Pablo Bedolla López (aún no redactado),o,smd,,158,2015
PRI,Quinta,Pedro Alberto Salazar Muciño (aún no redactado),o,pr,,159,2015
PRI,,Pedro Luis Coronado Ayarzagoitia (aún no redactado),o,smd,,160,2015
PRI,,Pedro Luis Noble Monterrubio (aún no redactado),o,smd,,161,2015
PRI,,Próspero Manuel Ibarra Otero (aún no redactado),o,smd,,162,2015
PRI,,Ricardo David García Portilla (aún no redactado),o,smd,,163,2015
PRI,,Ricardo Ramírez Nieto (aún no redactado),o,smd,,164,2015
PRI,,Rodolfo Nogués Barajas (aún no redactado),o,smd,,165,2015
PRI,,Telésforo García Carreón,o,smd,,166,2015
PRI,,Timoteo Villa Ramírez (aún no redactado),o,smd,,167,2015
PRI,Tercera,Virgilio Méndez Bazán (aún no redactado),o,pr,,168,2015
PRI,Segunda,Baltazar Hinojosa Ochoa,r,pr,,169,2015
PRI,Quinta,César Camacho Quiroz,r,pr,,170,2015
PRI,,Edgar Romo García,r,smd,,171,2015
PRI,,Flor Ángel Jiménez Jiménez (aún no redactado),r,smd,1,172,2015
PRI,,Flor Estela Rentería Medina (aún no redactado),r,smd,1,173,2015
PRI,Quinta,Héctor Javier Álvarez Ortiz (aún no redactado),r,pr,,174,2015
PRI,,Omar Corzo Olán (aún no redactado),r,smd,,175,2015
PRI,,Óscar García Barrón (aún no redactado),r,smd,,176,2015
PRI,,Óscar Valencia García (aún no redactado),r,smd,,177,2015
PRI,Quinta,Víctor Silva Tejeda,r,pr,,178,2015
PRI,,Andrés Aguirre Romero (aún no redactado),s,smd,,179,2015
PRI,,Carlos Barragán Amador (aún no redactado),s,smd,,180,2015
PRI,Tercera,Carlos Federico Quinto Guillén (aún no redactado),s,pr,,181,2015
PRI,,Carlos Hermosillo Arteaga,s,smd,,182,2015
PRI,Quinta,Carlos Iriarte Mercado,s,pr,,183,2015
PRI,,Carlos Sarabia Camacho (aún no redactado),s,smd,,184,2015
PRI,,Esdras Romero Vega (aún no redactado),s,smd,,185,2015
PRI,,Jesús Zúñiga Mendoza,s,smd,,186,2015
PRI,,Luis Alejandro Guevara Cobos (aún no redactado),s,smd,,187,2015
PRI,,Luis Felipe Vázquez Guerrero (aún no redactado),s,smd,,188,2015
PRI,Cuarta,Matías Nazario Morales (aún no redactado),s,pr,,189,2015
PRI,,Mercedes del Carmen Guillén Vicente,s,smd,1,190,2015
PRI,Segunda,Tomás Roberto Montoya Díaz (aún no redactado),s,pr,,191,2015
PRI,,Arlet Mólgora Glover,t,smd,1,192,2015
PRI,Segunda,Montserrat Alicia Arcos Velázquez (aún no redactado),t,pr,1,193,2015
PRI,,Álex Le Barón González (aún no redactado),x,smd,,194,2015
PRI,,Lucely del Perpetuo Socorro Alpizar Carrillo (aún no redactado),y,smd,1,195,2015
PRI,Primera,Nancy Guadalupe Sánchez Arredondo,y,pr,1,196,2015
PRI,,Paz Quiñones Cornejo,z,smd,1,197,2015
,,,,,,,2015
PT,,José Guadalupe Hernández Alcalá (aún no redactado),é,smd,,1,2015
PT,,Rafael Hernández Soriano (aún no redactado),l,smd,,2,2015
PT,,Victoriano Wences Real,o,smd,,3,2015
,,,,,,,2015
PVEM,Tercera,Adriana Sarur Torre (aún no redactado),a,pr,1,1,2015
PVEM,Segunda,Alma Lucía Arzaluz Alonso (aún no redactado),a,pr,1,2,2015
PVEM,,Claudia Villanueva Huerta (aún no redactado),a,smd,1,3,2015
PVEM,,Georgina Paola Villalpando Barrios (aún no redactado),a,smd,1,4,2015
PVEM,Quinta,Jorgina Gaxiola Lezama (aún no redactado),a,pr,1,5,2015
PVEM,Cuarta,Lía Limón García,a,pr,1,6,2015
PVEM,Primera,Lorena Corona Valdés (aún no redactado),a,pr,1,7,2015
PVEM,,María Ávila Serna,a,smd,1,8,2015
PVEM,Tercera,Paloma Canales Suárez (aún no redactado),a,pr,1,9,2015
PVEM,,Rosa Alicia Álvarez Piñones (aún no redactado),a,smd,1,10,2015
PVEM,Tercera,Sofía González Torres (aún no redactado),a,pr,1,11,2015
PVEM,,Enrique Zamora Morlet (aún no redactado),e,smd,,12,2015
PVEM,,Jorge Álvarez López (aún no redactado),e,smd,,13,2015
PVEM,,Jorge Márquez Alvarado (aún no redactado),e,smd,,14,2015
PVEM,Tercera,José Alberto Couttolenc Buentello (aún no redactado),é,pr,,15,2015
PVEM,Segunda,José Antonio Arévalo González (aún no redactado),é,pr,,16,2015
PVEM,,José de Jesús Galindo Rosas (aún no redactado),é,smd,,17,2015
PVEM,,José Refugio Sandoval Rodríguez (aún no redactado),é,smd,,18,2015
PVEM,,Anel Fernández Zempoalteca (aún no redactado),l,smd,,19,2015
PVEM,,Fidel Cristóbal Serrato (aún no redactado),l,smd,,20,2015
PVEM,,Miguel Ángel Ramírez Ponce (aún no redactado),l,smd,,21,2015
PVEM,,Miguel Ángel Sedas Castro (aún no redactado),l,smd,,22,2015
PVEM,Cuarta,Samuel Rodríguez Torres (aún no redactado),l,pr,,23,2015
PVEM,,Evelyn Soraya Flores Carranza (aún no redactado),n,smd,1,24,2015
PVEM,,Juan Manuel Celis Aguirre (aún no redactado),n,smd,,25,2015
PVEM,Cuarta,Sharon María Teresa Cuenca Ayala (aún no redactado),n,pr,1,26,2015
PVEM,Segunda,Wendolin Toledo Aceves (aún no redactado),n,pr,1,27,2015
PVEM,,Arturo Álvarez Angli (aún no redactado),o,smd,,28,2015
PVEM,,Cándido Ochoa Rojas (aún no redactado),o,smd,,29,2015
PVEM,Tercera,Eduardo Francisco Zenteno Núñez (aún no redactado),o,pr,,30,2015
PVEM,,Emilio Enrique Salazar Farías (aún no redactado),o,smd,,31,2015
PVEM,,Francisco Alberto Torres Rivas (aún no redactado),o,smd,,32,2015
PVEM,,Mario Machuca Sánchez (aún no redactado),o,smd,,33,2015
PVEM,,Pablo Elizondo García (aún no redactado),o,smd,,34,2015
PVEM,Segunda,Ricardo Canavati Tafich,o,pr,,35,2015
PVEM,,Ricardo López Montejo (aún no redactado),o,smd,,36,2015
PVEM,,Victorino Cruz Campos (aún no redactado),o,smd,,37,2015
PVEM,Quinta,Virgilio Mendoza Amezcua,o,pr,,38,2015
PVEM,,Edgar Spinoso Carrera (aún no redactado),r,smd,,39,2015
PVEM,Tercera,Javier Herrera Borunda,r,pr,,40,2015
PVEM,,Omar Noé Bernardino Vargas (aún no redactado),r,smd,,41,2015
PVEM,,Víctor Manuel Giorgana Jiménez (aún no redactado),r,smd,,42,2015
PVEM,Tercera,Andrés Fernández del Valle Laisequilla (aún no redactado),s,pr,,43,2015
PVEM,Primera,Jesús Sesma Suárez,s,pr,,44,2015
PVEM,,Nancy López Ruiz (aún no redactado),y,smd,1,45,2015
PVEM,,Uberly López Roblero (aún no redactado),y,smd,1,46,2015
,,,,,,,2015
